This is pdfTeX, Version 3.141592653-2.6-1.40.28 (MiKTeX 25.12) (preloaded format=pdflatex 2026.3.25)  30 APR 2026 09:01
entering extended mode
 restricted \write18 enabled.
 %&-line parsing enabled.
**./proyecto.tex
(proyecto.tex
LaTeX2e <2025-11-01>
L3 programming layer <2025-12-24>
(C:\Users\d\AppData\Local\Programs\MiKTeX\tex/latex/base\book.cls
Document Class: book 2025/01/22 v1.4n Standard LaTeX document class
(C:\Users\d\AppData\Local\Programs\MiKTeX\tex/latex/base\bk10.clo
File: bk10.clo 2025/01/22 v1.4n Standard LaTeX file (size option)
)
\c@part=\count275
\c@chapter=\count276
\c@section=\count277
\c@subsection=\count278
\c@subsubsection=\count279
\c@paragraph=\count280
\c@subparagraph=\count281
\c@figure=\count282
\c@table=\count283
\abovecaptionskip=\skip49
\belowcaptionskip=\skip50
\bibindent=\dimen148
)
(cdt/cdtUsecases.sty (cdt/cdtRequerimientos.sty (cdt/cdtBook.sty
Package: cdt/cdtBook 2010/05/30, v1.0 CDT-ESCOM-IPN Plantilla para reportes de 
la Coordinación

(C:\Users\d\AppData\Local\Programs\MiKTeX\tex/latex/base\inputenc.sty
Package: inputenc 2024/02/08 v1.3d Input encoding file
\inpenc@prehook=\toks17
\inpenc@posthook=\toks18
)
(C:\Users\d\AppData\Local\Programs\MiKTeX\tex/generic/babel\babel.sty
Package: babel 2025/12/11 v25.17 The multilingual framework for LuaLaTeX, pdfLa
TeX and XeLaTeX
\babel@savecnt=\count284
LaTeX Encoding Info:    Redeclaring text command \ij (encoding OT1) on input li
ne 2068.
LaTeX Encoding Info:    Redeclaring text command \IJ (encoding OT1) on input li
ne 2070.
LaTeX Encoding Info:    Redeclaring text command \ij (encoding T1) on input lin
e 2072.
LaTeX Encoding Info:    Redeclaring text command \IJ (encoding T1) on input lin
e 2073.
LaTeX Encoding Info:    Ignoring declaration for text command \ij (encoding ?) 
on input line 2074.
LaTeX Encoding Info:    Ignoring declaration for text command \IJ (encoding ?) 
on input line 2076.
LaTeX Encoding Info:    Ignoring declaration for text command \SS (encoding ?) 
on input line 2101.
\U@D=\dimen149
\l@unhyphenated=\language79

(C:\Users\d\AppData\Local\Programs\MiKTeX\tex/generic/babel\txtbabel.def)
\bbl@readstream=\read2
\bbl@dirlevel=\count285
Package babel Info: Configuration files are deprecated, as
(babel)             they can break document portability.
(babel)             Reported on input line 4196.

*************************************
* Local config file bblopts.cfg used
*
(C:\Users\d\AppData\Local\Programs\MiKTeX\tex/latex/arabi\bblopts.cfg
File: bblopts.cfg 2005/09/08 v0.1 add Arabic and Farsi to "declared" options of
 babel
)
(C:\Users\d\AppData\Local\Programs\MiKTeX\tex/generic/babel/locale/es\babel-spa
nish.tex)
Package babel Info: Importing font and identification data for spanish
(babel)             from babel-es.ini. Reported on input line 4320.

(C:\Users\d\AppData\Local\Programs\MiKTeX\tex/latex/babel-spanish\spanish.ldf
Language: spanish.ldf 2021/05/27 v5.0q Spanish support from the babel system
\es@quottoks=\toks19
\es@quotdepth=\count286
Package babel Info: Making " an active character on input line 570.
Package babel Info: Making . an active character on input line 675.
Package babel Info: Making < an active character on input line 722.
Package babel Info: Making > an active character on input line 722.
))
LaTeX Encoding Info:    Redeclaring text command \guillemotleft (encoding OT1) 
on input line 12.
LaTeX Encoding Info:    Redeclaring text command \guillemotright (encoding OT1)
 on input line 12.
(C:\Users\d\AppData\Local\Programs\MiKTeX\tex/latex/cmbright\cmbright.sty
Package: cmbright 2005/04/13 v8.1 (WaS)
LaTeX Font Info:    Redeclaring symbol font `operators' on input line 29.
LaTeX Font Info:    Overwriting symbol font `operators' in version `normal'
(Font)                  OT1/cmr/m/n --> OT1/cmbr/m/n on input line 29.
LaTeX Font Info:    Overwriting symbol font `operators' in version `bold'
(Font)                  OT1/cmr/bx/n --> OT1/cmbr/m/n on input line 29.
LaTeX Font Info:    Redeclaring symbol font `letters' on input line 30.
LaTeX Font Info:    Overwriting symbol font `letters' in version `normal'
(Font)                  OML/cmm/m/it --> OML/cmbrm/m/it on input line 30.
LaTeX Font Info:    Overwriting symbol font `letters' in version `bold'
(Font)                  OML/cmm/b/it --> OML/cmbrm/m/it on input line 30.
LaTeX Font Info:    Overwriting symbol font `letters' in version `bold'
(Font)                  OML/cmbrm/m/it --> OML/cmbrm/b/it on input line 31.
LaTeX Font Info:    Redeclaring symbol font `symbols' on input line 32.
LaTeX Font Info:    Overwriting symbol font `symbols' in version `normal'
(Font)                  OMS/cmsy/m/n --> OMS/cmbrs/m/n on input line 32.
LaTeX Font Info:    Overwriting symbol font `symbols' in version `bold'
(Font)                  OMS/cmsy/b/n --> OMS/cmbrs/m/n on input line 32.
LaTeX Font Info:    Redeclaring math alphabet \mathit on input line 33.
LaTeX Font Info:    Overwriting math alphabet `\mathit' in version `normal'
(Font)                  OT1/cmr/m/it --> OT1/cmbr/m/sl on input line 33.
LaTeX Font Info:    Overwriting math alphabet `\mathit' in version `bold'
(Font)                  OT1/cmr/bx/it --> OT1/cmbr/m/sl on input line 33.
LaTeX Font Info:    Redeclaring math alphabet \mathbf on input line 34.
LaTeX Font Info:    Overwriting math alphabet `\mathbf' in version `normal'
(Font)                  OT1/cmr/bx/n --> OT1/cmbr/bx/n on input line 34.
LaTeX Font Info:    Overwriting math alphabet `\mathbf' in version `bold'
(Font)                  OT1/cmr/bx/n --> OT1/cmbr/bx/n on input line 34.
LaTeX Font Info:    Redeclaring math alphabet \mathtt on input line 35.
LaTeX Font Info:    Overwriting math alphabet `\mathtt' in version `normal'
(Font)                  OT1/cmtt/m/n --> OT1/cmtl/m/n on input line 35.
LaTeX Font Info:    Overwriting math alphabet `\mathtt' in version `bold'
(Font)                  OT1/cmtt/m/n --> OT1/cmtl/m/n on input line 35.
LaTeX Font Info:    Redeclaring math symbol \alpha on input line 37.
LaTeX Font Info:    Redeclaring math symbol \beta on input line 38.
LaTeX Font Info:    Redeclaring math symbol \gamma on input line 39.
LaTeX Font Info:    Redeclaring math symbol \delta on input line 40.
LaTeX Font Info:    Redeclaring math symbol \epsilon on input line 41.
LaTeX Font Info:    Redeclaring math symbol \zeta on input line 42.
LaTeX Font Info:    Redeclaring math symbol \eta on input line 43.
LaTeX Font Info:    Redeclaring math symbol \theta on input line 44.
LaTeX Font Info:    Redeclaring math symbol \iota on input line 45.
LaTeX Font Info:    Redeclaring math symbol \kappa on input line 46.
LaTeX Font Info:    Redeclaring math symbol \lambda on input line 47.
LaTeX Font Info:    Redeclaring math symbol \mu on input line 48.
LaTeX Font Info:    Redeclaring math symbol \nu on input line 49.
LaTeX Font Info:    Redeclaring math symbol \xi on input line 50.
LaTeX Font Info:    Redeclaring math symbol \pi on input line 51.
LaTeX Font Info:    Redeclaring math symbol \rho on input line 52.
LaTeX Font Info:    Redeclaring math symbol \sigma on input line 53.
LaTeX Font Info:    Redeclaring math symbol \tau on input line 54.
LaTeX Font Info:    Redeclaring math symbol \upsilon on input line 55.
LaTeX Font Info:    Redeclaring math symbol \phi on input line 56.
LaTeX Font Info:    Redeclaring math symbol \chi on input line 57.
LaTeX Font Info:    Redeclaring math symbol \psi on input line 58.
LaTeX Font Info:    Redeclaring math symbol \omega on input line 59.
LaTeX Font Info:    Redeclaring math symbol \varepsilon on input line 60.
LaTeX Font Info:    Redeclaring math symbol \vartheta on input line 61.
LaTeX Font Info:    Redeclaring math symbol \varpi on input line 62.
LaTeX Font Info:    Redeclaring math symbol \varrho on input line 63.
LaTeX Font Info:    Redeclaring math symbol \varsigma on input line 64.
LaTeX Font Info:    Redeclaring math symbol \varphi on input line 65.
LaTeX Info: Redefining \LaTeX on input line 129.
LaTeX Info: Redefining \LaTeXe on input line 139.
LaTeX Font Info:    Trying to load font information for OT1+cmbr on input line 
144.

(C:\Users\d\AppData\Local\Programs\MiKTeX\tex/latex/cmbright\ot1cmbr.fd
File: ot1cmbr.fd 2005/04/13 v8.1 (WaS)
))
(C:\Users\d\AppData\Local\Programs\MiKTeX\tex/latex/graphics\graphicx.sty
Package: graphicx 2024/12/31 v1.2e Enhanced LaTeX Graphics (DPC,SPQR)

(C:\Users\d\AppData\Local\Programs\MiKTeX\tex/latex/graphics\keyval.sty
Package: keyval 2022/05/29 v1.15 key=value parser (DPC)
\KV@toks@=\toks20
)
(C:\Users\d\AppData\Local\Programs\MiKTeX\tex/latex/graphics\graphics.sty
Package: graphics 2024/08/06 v1.4g Standard LaTeX Graphics (DPC,SPQR)

(C:\Users\d\AppData\Local\Programs\MiKTeX\tex/latex/graphics\trig.sty
Package: trig 2023/12/02 v1.11 sin cos tan (DPC)
)
(C:\Users\d\AppData\Local\Programs\MiKTeX\tex/latex/graphics-cfg\graphics.cfg
File: graphics.cfg 2016/06/04 v1.11 sample graphics configuration
)
Package graphics Info: Driver file: pdftex.def on input line 106.

(C:\Users\d\AppData\Local\Programs\MiKTeX\tex/latex/graphics-def\pdftex.def
File: pdftex.def 2025/09/29 v1.2d Graphics/color driver for pdftex
))
\Gin@req@height=\dimen150
\Gin@req@width=\dimen151
)
(C:\Users\d\AppData\Local\Programs\MiKTeX\tex/latex/graphics\color.sty
Package: color 2025/01/14 v1.3e Standard LaTeX Color (DPC)

(C:\Users\d\AppData\Local\Programs\MiKTeX\tex/latex/graphics-cfg\color.cfg
File: color.cfg 2016/01/02 v1.6 sample color configuration
)
Package color Info: Driver file: pdftex.def on input line 149.

(C:\Users\d\AppData\Local\Programs\MiKTeX\tex/latex/graphics\dvipsnam.def
File: dvipsnam.def 2016/06/17 v3.0m Driver-dependent file (DPC,SPQR)
)
(C:\Users\d\AppData\Local\Programs\MiKTeX\tex/latex/graphics\mathcolor.ltx))
(C:\Users\d\AppData\Local\Programs\MiKTeX\tex/latex/wallpaper\wallpaper.sty
Package: wallpaper 2005/01/18, v1.01 easy wallpaper formatting (MHFW)

(C:\Users\d\AppData\Local\Programs\MiKTeX\tex/latex/base\ifthen.sty
Package: ifthen 2024/03/16 v1.1e Standard LaTeX ifthen package (DPC)
)
(C:\Users\d\AppData\Local\Programs\MiKTeX\tex/latex/tools\calc.sty
Package: calc 2025/03/01 v4.3b Infix arithmetic (KKT,FJ)
\calc@Acount=\count287
\calc@Bcount=\count288
\calc@Adimen=\dimen152
\calc@Bdimen=\dimen153
\calc@Askip=\skip51
\calc@Bskip=\skip52
LaTeX Info: Redefining \setlength on input line 86.
LaTeX Info: Redefining \addtolength on input line 87.
\calc@Ccount=\count289
\calc@Cskip=\skip53
)
(C:\Users\d\AppData\Local\Programs\MiKTeX\tex/latex/eso-pic\eso-pic.sty
Package: eso-pic 2025/12/10 v3.0d eso-pic (RN)
\ESO@tempdima=\dimen154
\ESO@tempdimb=\dimen155
)
\wpXoffset=\skip54
\wpYoffset=\skip55
\tileXoffset=\skip56
\tileYoffset=\skip57
\tilewidth=\skip58
\tileheight=\skip59
\tileX=\skip60
\tileY=\skip61
)
(C:\Users\d\AppData\Local\Programs\MiKTeX\tex/latex/fancyhdr\fancyhdr.sty
Package: fancyhdr 2025/02/07 v5.2 Extensive control of page headers and footers

\f@nch@headwidth=\skip62
\f@nch@offset@elh=\skip63
\f@nch@offset@erh=\skip64
\f@nch@offset@olh=\skip65
\f@nch@offset@orh=\skip66
\f@nch@offset@elf=\skip67
\f@nch@offset@erf=\skip68
\f@nch@offset@olf=\skip69
\f@nch@offset@orf=\skip70
\f@nch@height=\skip71
\f@nch@footalignment=\skip72
\f@nch@widthL=\skip73
\f@nch@widthC=\skip74
\f@nch@widthR=\skip75
\@temptokenb=\toks21
)
(C:\Users\d\AppData\Local\Programs\MiKTeX\tex/latex/geometry\geometry.sty
Package: geometry 2026/03/07 v6.0 Page Geometry

(C:\Users\d\AppData\Local\Programs\MiKTeX\tex/generic/iftex\ifvtex.sty
Package: ifvtex 2019/10/25 v1.7 ifvtex legacy package. Use iftex instead.

(C:\Users\d\AppData\Local\Programs\MiKTeX\tex/generic/iftex\iftex.sty
Package: iftex 2024/12/12 v1.0g TeX engine tests
))
\Gm@cnth=\count290
\Gm@cntv=\count291
\c@Gm@tempcnt=\count292
\Gm@bindingoffset=\dimen156
\Gm@wd@mp=\dimen157
\Gm@odd@mp=\dimen158
\Gm@even@mp=\dimen159
\Gm@layoutwidth=\dimen160
\Gm@layoutheight=\dimen161
\Gm@layouthoffset=\dimen162
\Gm@layoutvoffset=\dimen163
\Gm@dimlist=\toks22

(C:\Users\d\AppData\Local\Programs\MiKTeX\tex/latex/geometry\geometry.cfg))
(C:\Users\d\AppData\Local\Programs\MiKTeX\tex/latex/fncychap\fncychap.sty
Package: fncychap 2007/07/30 v1.34 LaTeX package (Revised chapters)
\RW=\skip76
\mylen=\skip77
\myhi=\skip78
\px=\skip79
\py=\skip80
\pyy=\skip81
\pxx=\skip82
)
(C:\Users\d\AppData\Local\Programs\MiKTeX\tex/latex/marvosym\marvosym.sty
Package: marvosym 2011/07/20 v2.2 Martin Vogel's Symbols font definitions
))
(C:\Users\d\AppData\Local\Programs\MiKTeX\tex/latex/tools\longtable.sty
Package: longtable 2025-10-13 v4.24 Multi-page Table package (DPC)
\LTleft=\skip83
\LTright=\skip84
\LTpre=\skip85
\LTpost=\skip86
\LTchunksize=\count293
\LTcapwidth=\dimen164
\LT@head=\box53
\LT@firsthead=\box54
\LT@foot=\box55
\LT@lastfoot=\box56
\LT@gbox=\box57
\LT@cols=\count294
\LT@rows=\count295
\c@LT@tables=\count296
\c@LT@chunks=\count297
\LT@p@ftn=\toks23
)
(C:\Users\d\AppData\Local\Programs\MiKTeX\tex/latex/hyperref\hyperref.sty
Package: hyperref 2025-07-12 v7.01o Hypertext links for LaTeX

(C:\Users\d\AppData\Local\Programs\MiKTeX\tex/latex/kvsetkeys\kvsetkeys.sty
Package: kvsetkeys 2022-10-05 v1.19 Key value parser (HO)
)
(C:\Users\d\AppData\Local\Programs\MiKTeX\tex/generic/kvdefinekeys\kvdefinekeys
.sty
Package: kvdefinekeys 2019-12-19 v1.6 Define keys (HO)
)
(C:\Users\d\AppData\Local\Programs\MiKTeX\tex/generic/pdfescape\pdfescape.sty
Package: pdfescape 2019/12/09 v1.15 Implements pdfTeX's escape features (HO)

(C:\Users\d\AppData\Local\Programs\MiKTeX\tex/generic/ltxcmds\ltxcmds.sty
Package: ltxcmds 2023-12-04 v1.26 LaTeX kernel commands for general use (HO)
)
(C:\Users\d\AppData\Local\Programs\MiKTeX\tex/generic/pdftexcmds\pdftexcmds.sty
Package: pdftexcmds 2020-06-27 v0.33 Utility functions of pdfTeX for LuaTeX (HO
)
(C:\Users\d\AppData\Local\Programs\MiKTeX\tex/generic/infwarerr\infwarerr.sty
Package: infwarerr 2019/12/03 v1.5 Providing info/warning/error messages (HO)
)
Package pdftexcmds Info: \pdf@primitive is available.
Package pdftexcmds Info: \pdf@ifprimitive is available.
Package pdftexcmds Info: \pdfdraftmode found.
)) (C:\Users\d\AppData\Local\Programs\MiKTeX\tex/latex/hycolor\hycolor.sty
Package: hycolor 2020-01-27 v1.10 Color options for hyperref/bookmark (HO)
)
(C:\Users\d\AppData\Local\Programs\MiKTeX\tex/latex/hyperref\nameref.sty
Package: nameref 2025-06-21 v2.57 Cross-referencing by name of section

(C:\Users\d\AppData\Local\Programs\MiKTeX\tex/latex/refcount\refcount.sty
Package: refcount 2019/12/15 v3.6 Data extraction from label references (HO)
)
(C:\Users\d\AppData\Local\Programs\MiKTeX\tex/generic/gettitlestring\gettitlest
ring.sty
Package: gettitlestring 2019/12/15 v1.6 Cleanup title references (HO)

(C:\Users\d\AppData\Local\Programs\MiKTeX\tex/latex/kvoptions\kvoptions.sty
Package: kvoptions 2022-06-15 v3.15 Key value format for package options (HO)
))
\c@section@level=\count298
)
(C:\Users\d\AppData\Local\Programs\MiKTeX\tex/latex/etoolbox\etoolbox.sty
Package: etoolbox 2025/10/02 v2.5m e-TeX tools for LaTeX (JAW)
\etb@tempcnta=\count299
)
(C:\Users\d\AppData\Local\Programs\MiKTeX\tex/generic/stringenc\stringenc.sty
Package: stringenc 2019/11/29 v1.12 Convert strings between diff. encodings (HO
)
)
\@linkdim=\dimen165
\Hy@linkcounter=\count300
\Hy@pagecounter=\count301

(C:\Users\d\AppData\Local\Programs\MiKTeX\tex/latex/hyperref\pd1enc.def
File: pd1enc.def 2025-07-12 v7.01o Hyperref: PDFDocEncoding definition (HO)
Now handling font encoding PD1 ...
... no UTF-8 mapping file for font encoding PD1
)
(C:\Users\d\AppData\Local\Programs\MiKTeX\tex/generic/intcalc\intcalc.sty
Package: intcalc 2019/12/15 v1.3 Expandable calculations with integers (HO)
)
\Hy@SavedSpaceFactor=\count302

(C:\Users\d\AppData\Local\Programs\MiKTeX\tex/latex/hyperref\puenc.def
File: puenc.def 2025-07-12 v7.01o Hyperref: PDF Unicode definition (HO)
Now handling font encoding PU ...
... no UTF-8 mapping file for font encoding PU
)
Package hyperref Info: Option `bookmarks' set `true' on input line 4066.
Package hyperref Info: Option `colorlinks' set `true' on input line 4066.
Package hyperref Info: Hyper figures OFF on input line 4195.
Package hyperref Info: Link nesting OFF on input line 4200.
Package hyperref Info: Hyper index ON on input line 4203.
Package hyperref Info: Plain pages OFF on input line 4210.
Package hyperref Info: Backreferencing OFF on input line 4215.
Package hyperref Info: Implicit mode ON; LaTeX internals redefined.
Package hyperref Info: Bookmarks ON on input line 4462.
\c@Hy@tempcnt=\count303

(C:\Users\d\AppData\Local\Programs\MiKTeX\tex/latex/url\url.sty
\Urlmuskip=\muskip17
Package: url 2013/09/16  ver 3.4  Verb mode for urls, etc.
)
LaTeX Info: Redefining \url on input line 4801.
\XeTeXLinkMargin=\dimen166

(C:\Users\d\AppData\Local\Programs\MiKTeX\tex/generic/bitset\bitset.sty
Package: bitset 2019/12/09 v1.3 Handle bit-vector datatype (HO)

(C:\Users\d\AppData\Local\Programs\MiKTeX\tex/generic/bigintcalc\bigintcalc.sty
Package: bigintcalc 2019/12/15 v1.5 Expandable calculations on big integers (HO
)
))
\Fld@menulength=\count304
\Field@Width=\dimen167
\Fld@charsize=\dimen168
Package hyperref Info: Hyper figures OFF on input line 6078.
Package hyperref Info: Link nesting OFF on input line 6083.
Package hyperref Info: Hyper index ON on input line 6086.
Package hyperref Info: backreferencing OFF on input line 6093.
Package hyperref Info: Link coloring ON on input line 6096.
Package hyperref Info: Link coloring with OCG OFF on input line 6103.
Package hyperref Info: PDF/A mode OFF on input line 6108.
\Hy@abspage=\count305
\c@Item=\count306
\c@Hfootnote=\count307
)
Package hyperref Info: Driver: hpdftex.
 (C:\Users\d\AppData\Local\Programs\MiKTeX\tex/latex/hyperref\hpdftex.def
File: hpdftex.def 2025-07-12 v7.01o Hyperref driver for pdfTeX
\Fld@listcount=\count308
\c@bookmark@seq@number=\count309

(C:\Users\d\AppData\Local\Programs\MiKTeX\tex/latex/rerunfilecheck\rerunfileche
ck.sty
Package: rerunfilecheck 2025-06-21 v1.11 Rerun checks for auxiliary files (HO)

(C:\Users\d\AppData\Local\Programs\MiKTeX\tex/generic/uniquecounter\uniquecount
er.sty
Package: uniquecounter 2019/12/15 v1.4 Provide unlimited unique counter (HO)
)
Package uniquecounter Info: New unique counter `rerunfilecheck' on input line 2
84.
)
\Hy@SectionHShift=\skip87
)
(C:\Users\d\AppData\Local\Programs\MiKTeX\tex/latex/amsfonts\amssymb.sty
Package: amssymb 2013/01/14 v3.01 AMS font symbols

(C:\Users\d\AppData\Local\Programs\MiKTeX\tex/latex/amsfonts\amsfonts.sty
Package: amsfonts 2013/01/14 v3.01 Basic AMSFonts support
\@emptytoks=\toks24
\symAMSa=\mathgroup4
\symAMSb=\mathgroup5
LaTeX Font Info:    Redeclaring math symbol \hbar on input line 98.
LaTeX Font Info:    Overwriting math alphabet `\mathfrak' in version `bold'
(Font)                  U/euf/m/n --> U/euf/b/n on input line 106.
))
(C:\Users\d\AppData\Local\Programs\MiKTeX\tex/latex/colortbl\colortbl.sty
Package: colortbl 2024/10/29 v1.0k Color table columns (DPC)

(C:\Users\d\AppData\Local\Programs\MiKTeX\tex/latex/tools\array.sty
Package: array 2025/09/25 v2.6n Tabular extension package (FMi)
\col@sep=\dimen169
\ar@mcellbox=\box58
\extrarowheight=\dimen170
\NC@list=\toks25
\extratabsurround=\skip88
\backup@length=\skip89
\ar@cellbox=\box59
)
\everycr=\toks26
\minrowclearance=\skip90
\rownum=\count310
)
(C:\Users\d\AppData\Local\Programs\MiKTeX\tex/latex/multirow\multirow.sty
Package: multirow 2024/11/12 v2.9 Span multiple rows of a table
\multirow@colwidth=\skip91
\multirow@cntb=\count311
\multirow@dima=\skip92
\bigstrutjot=\dimen171
))
(C:\Users\d\AppData\Local\Programs\MiKTeX\tex/latex/chapterfolder\chapterfolder
.sty
Package: chapterfolder 2005/11/24 v2.0 Package for dealing with folder
\c@@cf@currentpos=\count312
) (C:\Users\d\AppData\Local\Programs\MiKTeX\tex/latex/listings\listings.sty
\lst@mode=\count313
\lst@gtempboxa=\box60
\lst@token=\toks27
\lst@length=\count314
\lst@currlwidth=\dimen172
\lst@column=\count315
\lst@pos=\count316
\lst@lostspace=\dimen173
\lst@width=\dimen174
\lst@newlines=\count317
\lst@lineno=\count318
\lst@maxwidth=\dimen175
(C:\Users\d\AppData\Local\Programs\MiKTeX\tex/latex/listings\lstpatch.sty
File: lstpatch.sty 2025/11/14 1.11b (Carsten Heinz)
)
(C:\Users\d\AppData\Local\Programs\MiKTeX\tex/latex/listings\lstmisc.sty
File: lstmisc.sty 2025/11/14 1.11b (Carsten Heinz)
\c@lstnumber=\count319
\lst@skipnumbers=\count320
\lst@framebox=\box61
)
(C:\Users\d\AppData\Local\Programs\MiKTeX\tex/latex/listings\listings.cfg
File: listings.cfg 2025/11/14 1.11b listings configuration
))
Package: listings 2025/11/14 1.11b (Carsten Heinz)

==> First Aid for listings.sty no longer applied!
    Expected:
        2024/09/23 1.10c (Carsten Heinz)
    but found:
        2025/11/14 1.11b (Carsten Heinz)
    so I'm assuming it got fixed.
(C:\Users\d\AppData\Local\Programs\MiKTeX\tex/latex/keystroke\keystroke.sty
Package: keystroke 2010/04/23 v1.6 3D keystrokes (SuSE GmbH/RN)
\suse@key=\box62
\keystroke@left=\box63
\keystroke@right=\box64
\keystroke@middle=\box65
<keystroke_left.pdf, id=1, 42.1575pt x 195.73125pt>
File: keystroke_left.pdf Graphic file (type pdf)
<use keystroke_left.pdf>
Package pdftex.def Info: keystroke_left.pdf  used on input line 171.
(pdftex.def)             Requested size: 42.15738pt x 195.73076pt.
<keystroke_middle.pdf, id=2, 116.435pt x 195.73125pt>
File: keystroke_middle.pdf Graphic file (type pdf)
<use keystroke_middle.pdf>
Package pdftex.def Info: keystroke_middle.pdf  used on input line 172.
(pdftex.def)             Requested size: 116.43471pt x 195.73076pt.
<keystroke_right.pdf, id=3, 42.1575pt x 195.73125pt>
File: keystroke_right.pdf Graphic file (type pdf)
<use keystroke_right.pdf>
Package pdftex.def Info: keystroke_right.pdf  used on input line 173.
(pdftex.def)             Requested size: 42.15738pt x 195.73076pt.
)
(C:\Users\d\AppData\Local\Programs\MiKTeX\tex/latex/pgf/utilities\pgfkeys.sty
(C:\Users\d\AppData\Local\Programs\MiKTeX\tex/generic/pgf/utilities\pgfkeys.cod
e.tex
\pgfkeys@pathtoks=\toks28
\pgfkeys@temptoks=\toks29

(C:\Users\d\AppData\Local\Programs\MiKTeX\tex/generic/pgf/utilities\pgfkeyslibr
aryfiltered.code.tex
\pgfkeys@tmptoks=\toks30
)))
(C:\Users\d\AppData\Local\Programs\MiKTeX\tex/latex/fontawesome5\fontawesome5.s
ty (C:\Users\d\AppData\Local\Programs\MiKTeX\tex/latex/l3kernel\expl3.sty
Package: expl3 2025-12-24 L3 programming layer (loader) 

(C:\Users\d\AppData\Local\Programs\MiKTeX\tex/latex/l3backend\l3backend-pdftex.
def
File: l3backend-pdftex.def 2025-10-09 L3 backend support: PDF output (pdfTeX)
\l__color_backend_stack_int=\count321
))
Package: fontawesome5 2022/05/02 v5.15.4 Font Awesome 5

(C:\Users\d\AppData\Local\Programs\MiKTeX\tex/latex/l3packages/l3keys2e\l3keys2
e.sty
Package: l3keys2e 2025-10-09 LaTeX2e option processing using LaTeX3 keys
)
(C:\Users\d\AppData\Local\Programs\MiKTeX\tex/latex/l3packages/xparse\xparse.st
y
Package: xparse 2025-10-09 L3 Experimental document command parser
)
(C:\Users\d\AppData\Local\Programs\MiKTeX\tex/latex/fontawesome5\fontawesome5-g
eneric-helper.sty
Package: fontawesome5-generic-helper 2022/05/02 v5.15.4 non-uTeX helper for fon
tawesome5

(C:\Users\d\AppData\Local\Programs\MiKTeX\tex/latex/fontawesome5\fontawesome5-m
apping.def)))
(C:\Users\d\AppData\Local\Programs\MiKTeX\tex/latex/amsmath\amsmath.sty
Package: amsmath 2025/07/09 v2.17z AMS math features
\@mathmargin=\skip93

For additional information on amsmath, use the `?' option.
(C:\Users\d\AppData\Local\Programs\MiKTeX\tex/latex/amsmath\amstext.sty
Package: amstext 2024/11/17 v2.01 AMS text

(C:\Users\d\AppData\Local\Programs\MiKTeX\tex/latex/amsmath\amsgen.sty
File: amsgen.sty 1999/11/30 v2.0 generic functions
\@emptytoks=\toks31
\ex@=\dimen176
))
(C:\Users\d\AppData\Local\Programs\MiKTeX\tex/latex/amsmath\amsbsy.sty
Package: amsbsy 1999/11/29 v1.2d Bold Symbols
\pmbraise@=\dimen177
)
(C:\Users\d\AppData\Local\Programs\MiKTeX\tex/latex/amsmath\amsopn.sty
Package: amsopn 2022/04/08 v2.04 operator names
)
\inf@bad=\count322
LaTeX Info: Redefining \frac on input line 233.
\uproot@=\count323
\leftroot@=\count324
LaTeX Info: Redefining \overline on input line 398.
LaTeX Info: Redefining \colon on input line 409.
\classnum@=\count325
\DOTSCASE@=\count326
LaTeX Info: Redefining \ldots on input line 495.
LaTeX Info: Redefining \dots on input line 498.
LaTeX Info: Redefining \cdots on input line 619.
\Mathstrutbox@=\box66
\strutbox@=\box67
LaTeX Info: Redefining \big on input line 721.
LaTeX Info: Redefining \Big on input line 722.
LaTeX Info: Redefining \bigg on input line 723.
LaTeX Info: Redefining \Bigg on input line 724.
\big@size=\dimen178
LaTeX Font Info:    Redeclaring font encoding OML on input line 742.
LaTeX Font Info:    Redeclaring font encoding OMS on input line 743.
\macc@depth=\count327
LaTeX Info: Redefining \bmod on input line 904.
LaTeX Info: Redefining \pmod on input line 909.
LaTeX Info: Redefining \smash on input line 939.
LaTeX Info: Redefining \relbar on input line 969.
LaTeX Info: Redefining \Relbar on input line 970.
\c@MaxMatrixCols=\count328
\dotsspace@=\muskip18
\c@parentequation=\count329
\dspbrk@lvl=\count330
\tag@help=\toks32
\row@=\count331
\column@=\count332
\maxfields@=\count333
\andhelp@=\toks33
\eqnshift@=\dimen179
\alignsep@=\dimen180
\tagshift@=\dimen181
\tagwidth@=\dimen182
\totwidth@=\dimen183
\lineht@=\dimen184
\@envbody=\toks34
\multlinegap=\skip94
\multlinetaggap=\skip95
\mathdisplay@stack=\toks35
LaTeX Info: Redefining \[ on input line 2950.
LaTeX Info: Redefining \] on input line 2951.
))
(C:\Users\d\AppData\Local\Programs\MiKTeX\tex/latex/txfonts\txfonts.sty
Package: txfonts 2008/01/22 v3.2.1
LaTeX Font Info:    Redeclaring symbol font `operators' on input line 21.
LaTeX Font Info:    Overwriting symbol font `operators' in version `normal'
(Font)                  OT1/cmbr/m/n --> OT1/txr/m/n on input line 21.
LaTeX Font Info:    Overwriting symbol font `operators' in version `bold'
(Font)                  OT1/cmbr/m/n --> OT1/txr/m/n on input line 21.
LaTeX Font Info:    Overwriting symbol font `operators' in version `bold'
(Font)                  OT1/txr/m/n --> OT1/txr/bx/n on input line 22.
\symitalic=\mathgroup6
LaTeX Font Info:    Overwriting symbol font `italic' in version `bold'
(Font)                  OT1/txr/m/it --> OT1/txr/bx/it on input line 26.
LaTeX Font Info:    Redeclaring math alphabet \mathbf on input line 29.
LaTeX Font Info:    Overwriting math alphabet `\mathbf' in version `normal'
(Font)                  OT1/cmbr/bx/n --> OT1/txr/bx/n on input line 29.
LaTeX Font Info:    Overwriting math alphabet `\mathbf' in version `bold'
(Font)                  OT1/cmbr/bx/n --> OT1/txr/bx/n on input line 29.
LaTeX Font Info:    Redeclaring math alphabet \mathit on input line 30.
LaTeX Font Info:    Overwriting math alphabet `\mathit' in version `normal'
(Font)                  OT1/cmbr/m/sl --> OT1/txr/m/it on input line 30.
LaTeX Font Info:    Overwriting math alphabet `\mathit' in version `bold'
(Font)                  OT1/cmbr/m/sl --> OT1/txr/m/it on input line 30.
LaTeX Font Info:    Overwriting math alphabet `\mathit' in version `bold'
(Font)                  OT1/txr/m/it --> OT1/txr/bx/it on input line 31.
LaTeX Font Info:    Redeclaring math alphabet \mathsf on input line 40.
LaTeX Font Info:    Overwriting math alphabet `\mathsf' in version `normal'
(Font)                  OT1/cmss/m/n --> OT1/txss/m/n on input line 40.
LaTeX Font Info:    Overwriting math alphabet `\mathsf' in version `bold'
(Font)                  OT1/cmss/bx/n --> OT1/txss/m/n on input line 40.
LaTeX Font Info:    Overwriting math alphabet `\mathsf' in version `bold'
(Font)                  OT1/txss/m/n --> OT1/txss/b/n on input line 41.
LaTeX Font Info:    Redeclaring math alphabet \mathtt on input line 50.
LaTeX Font Info:    Overwriting math alphabet `\mathtt' in version `normal'
(Font)                  OT1/cmtl/m/n --> OT1/txtt/m/n on input line 50.
LaTeX Font Info:    Overwriting math alphabet `\mathtt' in version `bold'
(Font)                  OT1/cmtl/m/n --> OT1/txtt/m/n on input line 50.
LaTeX Font Info:    Overwriting math alphabet `\mathtt' in version `bold'
(Font)                  OT1/txtt/m/n --> OT1/txtt/b/n on input line 51.
LaTeX Font Info:    Redeclaring symbol font `letters' on input line 58.
LaTeX Font Info:    Overwriting symbol font `letters' in version `normal'
(Font)                  OML/cmbrm/m/it --> OML/txmi/m/it on input line 58.
LaTeX Font Info:    Overwriting symbol font `letters' in version `bold'
(Font)                  OML/cmbrm/b/it --> OML/txmi/m/it on input line 58.
LaTeX Font Info:    Overwriting symbol font `letters' in version `bold'
(Font)                  OML/txmi/m/it --> OML/txmi/bx/it on input line 59.
\symlettersA=\mathgroup7
LaTeX Font Info:    Overwriting symbol font `lettersA' in version `bold'
(Font)                  U/txmia/m/it --> U/txmia/bx/it on input line 67.
LaTeX Font Info:    Redeclaring math alphabet \mathfrak on input line 70.
LaTeX Font Info:    Redeclaring symbol font `symbols' on input line 77.
LaTeX Font Info:    Overwriting symbol font `symbols' in version `normal'
(Font)                  OMS/cmbrs/m/n --> OMS/txsy/m/n on input line 77.
LaTeX Font Info:    Overwriting symbol font `symbols' in version `bold'
(Font)                  OMS/cmbrs/m/n --> OMS/txsy/m/n on input line 77.
LaTeX Font Info:    Overwriting symbol font `symbols' in version `bold'
(Font)                  OMS/txsy/m/n --> OMS/txsy/bx/n on input line 78.
LaTeX Font Info:    Redeclaring symbol font `AMSa' on input line 93.
LaTeX Font Info:    Overwriting symbol font `AMSa' in version `normal'
(Font)                  U/msa/m/n --> U/txsya/m/n on input line 93.
LaTeX Font Info:    Overwriting symbol font `AMSa' in version `bold'
(Font)                  U/msa/m/n --> U/txsya/m/n on input line 93.
LaTeX Font Info:    Overwriting symbol font `AMSa' in version `bold'
(Font)                  U/txsya/m/n --> U/txsya/bx/n on input line 94.
LaTeX Font Info:    Redeclaring symbol font `AMSb' on input line 102.
LaTeX Font Info:    Overwriting symbol font `AMSb' in version `normal'
(Font)                  U/msb/m/n --> U/txsyb/m/n on input line 102.
LaTeX Font Info:    Overwriting symbol font `AMSb' in version `bold'
(Font)                  U/msb/m/n --> U/txsyb/m/n on input line 102.
LaTeX Font Info:    Overwriting symbol font `AMSb' in version `bold'
(Font)                  U/txsyb/m/n --> U/txsyb/bx/n on input line 103.
\symsymbolsC=\mathgroup8
LaTeX Font Info:    Overwriting symbol font `symbolsC' in version `bold'
(Font)                  U/txsyc/m/n --> U/txsyc/bx/n on input line 113.
LaTeX Font Info:    Redeclaring symbol font `largesymbols' on input line 120.
LaTeX Font Info:    Overwriting symbol font `largesymbols' in version `normal'
(Font)                  OMX/cmex/m/n --> OMX/txex/m/n on input line 120.
LaTeX Font Info:    Overwriting symbol font `largesymbols' in version `bold'
(Font)                  OMX/cmex/m/n --> OMX/txex/m/n on input line 120.
LaTeX Font Info:    Overwriting symbol font `largesymbols' in version `bold'
(Font)                  OMX/txex/m/n --> OMX/txex/bx/n on input line 121.
\symlargesymbolsA=\mathgroup9
LaTeX Font Info:    Overwriting symbol font `largesymbolsA' in version `bold'
(Font)                  U/txexa/m/n --> U/txexa/bx/n on input line 129.
LaTeX Encoding Info:    Redeclaring text symbol \L (encoding OT1) on input line
 160.
LaTeX Encoding Info:    Redeclaring text symbol \l (encoding OT1) on input line
 161.
LaTeX Encoding Info:    Redeclaring text symbol \textsterling (encoding OT1) on
 input line 163.
LaTeX Font Info:    Redeclaring math symbol \mathsterling on input line 164.
LaTeX Info: Redefining \not on input line 1043.
)
(config.tex)
LaTeX Font Info:    Trying to load font information for OT1+txss on input line 
19.

(C:\Users\d\AppData\Local\Programs\MiKTeX\tex/latex/txfonts\ot1txss.fd
File: ot1txss.fd 2000/12/15 v3.1
)
LaTeX Font Info:    Font shape `OT1/txss/m/n' will be
(Font)              scaled to size 9.49997pt on input line 19.

(proyecto.aux
LaTeX Info: Redefining \. on input line 11.
LaTeX Info: Redefining \% on input line 11.
Package babel Info: 'spanish' activates 'spanish' shorthands.
(babel)             Reported on input line 11.
 (projectCharter.aux) (1introduccion.aux) (2ModeloDelAlcance.aux)
(3ModeloDelNegocio.aux) (4ModeloDinamico.aux) (5ModeloDeInteraccion.aux))
\openout1 = `proyecto.aux'.

LaTeX Font Info:    Checking defaults for OML/txmi/m/it on input line 19.
LaTeX Font Info:    Trying to load font information for OML+txmi on input line 
19.

(C:\Users\d\AppData\Local\Programs\MiKTeX\tex/latex/txfonts\omltxmi.fd
File: omltxmi.fd 2000/12/15 v3.1
)
LaTeX Font Info:    ... okay on input line 19.
LaTeX Font Info:    Checking defaults for OMS/txsy/m/n on input line 19.
LaTeX Font Info:    Trying to load font information for OMS+txsy on input line 
19.

(C:\Users\d\AppData\Local\Programs\MiKTeX\tex/latex/txfonts\omstxsy.fd
File: omstxsy.fd 2000/12/15 v3.1
)
LaTeX Font Info:    ... okay on input line 19.
LaTeX Font Info:    Checking defaults for OT1/cmr/m/n on input line 19.
LaTeX Font Info:    ... okay on input line 19.
LaTeX Font Info:    Checking defaults for T1/cmr/m/n on input line 19.
LaTeX Font Info:    ... okay on input line 19.
LaTeX Font Info:    Checking defaults for TS1/cmr/m/n on input line 19.
LaTeX Font Info:    ... okay on input line 19.
LaTeX Font Info:    Checking defaults for OMX/txex/m/n on input line 19.
LaTeX Font Info:    Trying to load font information for OMX+txex on input line 
19.

(C:\Users\d\AppData\Local\Programs\MiKTeX\tex/latex/txfonts\omxtxex.fd
File: omxtxex.fd 2000/12/15 v3.1
)
LaTeX Font Info:    ... okay on input line 19.
LaTeX Font Info:    Checking defaults for U/txexa/m/n on input line 19.
LaTeX Font Info:    Trying to load font information for U+txexa on input line 1
9.

(C:\Users\d\AppData\Local\Programs\MiKTeX\tex/latex/txfonts\utxexa.fd
File: utxexa.fd 2000/12/15 v3.1
)
LaTeX Font Info:    ... okay on input line 19.
LaTeX Font Info:    Checking defaults for PD1/pdf/m/n on input line 19.
LaTeX Font Info:    ... okay on input line 19.
LaTeX Font Info:    Checking defaults for PU/pdf/m/n on input line 19.
LaTeX Font Info:    ... okay on input line 19.
LaTeX Info: Redefining \. on input line 19.
LaTeX Info: Redefining \% on input line 19.

(C:\Users\d\AppData\Local\Programs\MiKTeX\tex/context/base/mkii\supp-pdf.mkii
[Loading MPS to PDF converter (version 2006.09.02).]
\scratchcounter=\count334
\scratchdimen=\dimen185
\scratchbox=\box68
\nofMPsegments=\count335
\nofMParguments=\count336
\everyMPshowfont=\toks36
\MPscratchCnt=\count337
\MPscratchDim=\dimen186
\MPnumerator=\count338
\makeMPintoPDFobject=\count339
\everyMPtoPDFconversion=\toks37
)
(C:\Users\d\AppData\Local\Programs\MiKTeX\tex/latex/epstopdf-pkg\epstopdf-base.
sty
Package: epstopdf-base 2020-01-24 v2.11 Base part for package epstopdf
Package epstopdf-base Info: Redefining graphics rule for `.eps' on input line 4
85.

(C:\Users\d\AppData\Local\Programs\MiKTeX\tex/latex/00miktex\epstopdf-sys.cfg
File: epstopdf-sys.cfg 2021/03/18 v2.0 Configuration of epstopdf for MiKTeX
))
*geometry* driver: auto-detecting
*geometry* detected driver: pdftex
*geometry* verbose mode - [ preamble ] result:
* driver: pdftex
* paper: <default>
* layout: <same size as paper>
* layoutoffset:(h,v)=(0.0pt,0.0pt)
* modes: twoside 
* h-part:(L,W,R)=(56.9055pt, 500.484pt, 56.9055pt)
* v-part:(T,H,B)=(99.58464pt, 595.8007pt, 99.58464pt)
* \paperwidth=614.295pt
* \paperheight=794.96999pt
* \textwidth=500.484pt
* \textheight=595.8007pt
* \oddsidemargin=-15.36449pt
* \evensidemargin=-15.36449pt
* \topmargin=-47.65834pt
* \headheight=56.9055pt
* \headsep=18.06749pt
* \topskip=10.0pt
* \footskip=25.29494pt
* \marginparwidth=125.0pt
* \marginparsep=7.0pt
* \columnsep=10.0pt
* \skip\footins=9.0pt plus 4.0pt minus 2.0pt
* \hoffset=0.0pt
* \voffset=0.0pt
* \mag=1000
* \@twocolumnfalse
* \@twosidetrue
* \@mparswitchtrue
* \@reversemarginfalse
* (1in=72.27pt=25.4mm, 1cm=28.453pt)

Package hyperref Info: Link coloring ON on input line 19.
(proyecto.out) (proyecto.out)
\@outlinefile=\write3
\openout3 = `proyecto.out'.

\c@lstlisting=\count340
LaTeX Font Info:    Font shape `OT1/txss/m/n' will be
(Font)              scaled to size 16.41594pt on input line 24.
LaTeX Font Info:    Font shape `OT1/txss/m/n' will be
(Font)              scaled to size 23.63593pt on input line 24.
LaTeX Font Info:    Font shape `OT1/txss/m/n' will be
(Font)              scaled to size 11.39996pt on input line 24.
LaTeX Font Info:    Trying to load font information for OT1+txr on input line 2
4.

(C:\Users\d\AppData\Local\Programs\MiKTeX\tex/latex/txfonts\ot1txr.fd
File: ot1txr.fd 2000/12/15 v3.1
)
LaTeX Font Info:    Trying to load font information for U+txsya on input line 2
4.

(C:\Users\d\AppData\Local\Programs\MiKTeX\tex/latex/txfonts\utxsya.fd
File: utxsya.fd 2000/12/15 v3.1
)
LaTeX Font Info:    Trying to load font information for U+txsyb on input line 2
4.

(C:\Users\d\AppData\Local\Programs\MiKTeX\tex/latex/txfonts\utxsyb.fd
File: utxsyb.fd 2000/12/15 v3.1
)
LaTeX Font Info:    Trying to load font information for U+txmia on input line 2
4.

(C:\Users\d\AppData\Local\Programs\MiKTeX\tex/latex/txfonts\utxmia.fd
File: utxmia.fd 2000/12/15 v3.1
)
LaTeX Font Info:    Trying to load font information for U+txsyc on input line 2
4.

(C:\Users\d\AppData\Local\Programs\MiKTeX\tex/latex/txfonts\utxsyc.fd
File: utxsyc.fd 2000/12/15 v3.1
)
<theme/bannerAzul.png, id=242, 711.1368pt x 336.7782pt>
File: theme/bannerAzul.png Graphic file (type png)
<use theme/bannerAzul.png>
Package pdftex.def Info: theme/bannerAzul.png  used on input line 24.
(pdftex.def)             Requested size: 614.30019pt x 290.91858pt.
 [1


{C:/Users/d/AppData/Local/MiKTeX/fonts/map/pdftex/pdftex.map}{C:/Users/d/AppDat
a/Local/Programs/MiKTeX/fonts/enc/dvips/base/8r.enc} <./theme/bannerAzul.png>]
[2

]
LaTeX Font Info:    Font shape `OT1/txss/m/n' will be
(Font)              scaled to size 13.67995pt on input line 27.
 (proyecto.toc
LaTeX Info: Redefining \. on input line 1.
LaTeX Info: Redefining \% on input line 1.
LaTeX Font Info:    Font shape `OT1/txss/b/n' will be
(Font)              scaled to size 9.49997pt on input line 2.
LaTeX Font Info:    Font shape `OT1/txss/m/sc' will be
(Font)              scaled to size 9.49997pt on input line 32.
 [1

])
\tf@toc=\write4
\openout4 = `proyecto.toc'.

<theme/headerPar.png, id=321, 1204.5pt x 200.75pt>
File: theme/headerPar.png Graphic file (type png)
<use theme/headerPar.png>
Package pdftex.def Info: theme/headerPar.png  used on input line 28.
(pdftex.def)             Requested size: 210.00035pt x 35.0pt.
LaTeX Font Info:    Font shape `OT1/txss/m/n' will be
(Font)              scaled to size 7.59998pt on input line 28.
LaTeX Font Info:    Font shape `OT1/txss/m/sc' will be
(Font)              scaled to size 7.59998pt on input line 28.
LaTeX Font Info:    Font shape `OT1/txss/m/n' will be
(Font)              scaled to size 4.74998pt on input line 28.
LaTeX Font Info:    Font shape `OT1/txss/m/it' in size <5> not available
(Font)              Font shape `OT1/txss/m/sl' tried instead on input line 28.
LaTeX Font Info:    Font shape `OT1/txss/m/sl' will be
(Font)              scaled to size 4.74998pt on input line 28.
LaTeX Font Info:    Trying to load font information for U+mvs on input line 28.


(C:\Users\d\AppData\Local\Programs\MiKTeX\tex/latex/marvosym\umvs.fd) [2 <./the
me/headerPar.png>] (proyecto.lof
LaTeX Info: Redefining \. on input line 1.
LaTeX Info: Redefining \% on input line 1.
)
\tf@lof=\write5
\openout5 = `proyecto.lof'.

 [3

]
File: theme/headerPar.png Graphic file (type png)
<use theme/headerPar.png>
Package pdftex.def Info: theme/headerPar.png  used on input line 29.
(pdftex.def)             Requested size: 210.00035pt x 35.0pt.
 [4

] (proyecto.lot
LaTeX Info: Redefining \. on input line 1.
LaTeX Info: Redefining \% on input line 1.
)
\tf@lot=\write6
\openout6 = `proyecto.lot'.

 [5]
\openout2 = `projectCharter.aux'.


(projectCharter.tex
File: theme/headerPar.png Graphic file (type png)
<use theme/headerPar.png>
Package pdftex.def Info: theme/headerPar.png  used on input line 11.
(pdftex.def)             Requested size: 210.00035pt x 35.0pt.
 [6


]
LaTeX Font Info:    Trying to load font information for U+lasy on input line 13
.

(C:\Users\d\AppData\Local\Programs\MiKTeX\tex/latex/base\ulasy.fd
File: ulasy.fd 1998/08/17 v2.2e LaTeX symbol font definitions
)
LaTeX Font Info:    Font shape `OT1/txss/b/n' will be
(Font)              scaled to size 13.67995pt on input line 17.

Overfull \hbox (13.93027pt too wide) in paragraph at lines 23--23
[]|[]\OT1/txss/b/n/10 '''Background/Contexto:| 
 []


Underfull \hbox (badness 1057) in paragraph at lines 24--24
[]|[]\OT1/txss/b/n/10 '''Beneficios es-pe-ra-
 []

LaTeX Font Info:    Trying to load font information for TS1+txss on input line 
39.
(C:\Users\d\AppData\Local\Programs\MiKTeX\tex/latex/txfonts\ts1txss.fd
File: ts1txss.fd 2000/12/15 v3.1
)
LaTeX Font Info:    Font shape `TS1/txss/m/n' will be
(Font)              scaled to size 9.49997pt on input line 39.

Overfull \hbox (13.93027pt too wide) in paragraph at lines 87--87
[]|[]\OT1/txss/b/n/10 '''Background/Contexto:| 
 []


Underfull \hbox (badness 1057) in paragraph at lines 88--88
[]|[]\OT1/txss/b/n/10 '''Beneficios es-pe-ra-
 []


LaTeX Warning: Float too large for page by 575.63689pt on input line 144.

)
<theme/headerInp.png, id=358, 1204.5pt x 200.75pt>
File: theme/headerInp.png Graphic file (type png)
<use theme/headerInp.png>
Package pdftex.def Info: theme/headerInp.png  used on input line 31.
(pdftex.def)             Requested size: 210.00035pt x 35.0pt.
 [7 <./theme/headerInp.png>]
File: theme/headerPar.png Graphic file (type png)
<use theme/headerPar.png>
Package pdftex.def Info: theme/headerPar.png  used on input line 33.
(pdftex.def)             Requested size: 210.00035pt x 35.0pt.
 [8



]
\openout2 = `1introduccion.aux'.

 (1introduccion.tex
Cap\'{\i }tulo 1.
LaTeX Font Info:    Font shape `OT1/txss/m/it' in size <10> not available
(Font)              Font shape `OT1/txss/m/sl' tried instead on input line 9.
LaTeX Font Info:    Font shape `OT1/txss/m/sl' will be
(Font)              scaled to size 9.49997pt on input line 9.

pdfTeX warning (ext4): destination with the same identifier (name{page.1}) has 
been already used, duplicate ignored
<to be read again> 
                   \relax 
l.40 
     
<theme/pleca.png, id=376, 1638.12pt x 231.264pt>
File: theme/pleca.png Graphic file (type png)
<use theme/pleca.png>
Package pdftex.def Info: theme/pleca.png  used on input line 40.
(pdftex.def)             Requested size: 614.2935pt x 86.72379pt.

Overfull \hbox (10.03761pt too wide) has occurred while \output is active
[][]\OT1/txss/m/n/10 ''' [] 
 []

[1


 <./theme/pleca.png>]

LaTeX Warning: Reference `cap:modDinamico' on page 2 undefined on input line 41
.


LaTeX Warning: Reference `cap:modInteraccion' on page 2 undefined on input line
 43.


LaTeX Warning: Reference `cap:modDinamico' on page 2 undefined on input line 48
.


LaTeX Warning: Reference `cap:modInteraccion' on page 2 undefined on input line
 50.


Overfull \hbox (132.10655pt too wide) in paragraph at lines 50--52
[][]\OT1/txss/m/n/10 '''En el cap[]^^Ptu-lo [] se pro-por-cio-na un mo-de-la-do
 de to-das las in-ter-fa-ces que tendr[]a el sis-te-ma. '''[]>356b30eec7983d183
407a4493790ea7909444b27 
 []

LaTeX Font Info:    Trying to load font information for OT1+txtt on input line 
87.
(C:\Users\d\AppData\Local\Programs\MiKTeX\tex/latex/txfonts\ot1txtt.fd
File: ot1txtt.fd 2000/12/15 v3.1
))
File: theme/headerPar.png Graphic file (type png)
<use theme/headerPar.png>
Package pdftex.def Info: theme/headerPar.png  used on input line 39.
(pdftex.def)             Requested size: 210.00035pt x 35.0pt.

pdfTeX warning (ext4): destination with the same identifier (name{page.2}) has 
been already used, duplicate ignored
<to be read again> 
                   \relax 
l.39 \include{1introduccion}
                            
File: theme/pleca.png Graphic file (type png)
<use theme/pleca.png>
Package pdftex.def Info: theme/pleca.png  used on input line 39.
(pdftex.def)             Requested size: 614.2935pt x 86.72379pt.
 [2]
\openout2 = `2ModeloDelAlcance.aux'.

 (2ModeloDelAlcance.tex
Cap\'{\i }tulo 2.
LaTeX Font Info:    Font shape `OT1/txss/b/n' will be
(Font)              scaled to size 11.39996pt on input line 21.
File: theme/pleca.png Graphic file (type png)
<use theme/pleca.png>
Package pdftex.def Info: theme/pleca.png  used on input line 46.
(pdftex.def)             Requested size: 614.2935pt x 86.72379pt.
[3




]
LaTeX Font Info:    Font shape `OT1/txss/m/n' will be
(Font)              scaled to size 6.64998pt on input line 48.
LaTeX Font Info:    Font shape `OT1/txss/m/n' will be
(Font)              scaled to size 5.69998pt on input line 48.

Underfull \hbox (badness 5064) in paragraph at lines 53--53
[]|\OT1/txss/m/n/10 Duplicaci[]on de ex-pe-
 []


Underfull \hbox (badness 3590) in paragraph at lines 76--76
[]|\OT1/txss/m/n/10 Baja efi-cien-cia en la
 []

File: theme/headerPar.png Graphic file (type png)
<use theme/headerPar.png>
Package pdftex.def Info: theme/headerPar.png  used on input line 110.
(pdftex.def)             Requested size: 210.00035pt x 35.0pt.
File: theme/pleca.png Graphic file (type png)
<use theme/pleca.png>
Package pdftex.def Info: theme/pleca.png  used on input line 110.
(pdftex.def)             Requested size: 614.2935pt x 86.72379pt.
[4]
File: theme/headerInp.png Graphic file (type png)
<use theme/headerInp.png>
Package pdftex.def Info: theme/headerInp.png  used on input line 185.
(pdftex.def)             Requested size: 210.00035pt x 35.0pt.
File: theme/pleca.png Graphic file (type png)
<use theme/pleca.png>
Package pdftex.def Info: theme/pleca.png  used on input line 185.
(pdftex.def)             Requested size: 614.2935pt x 86.72379pt.
 [5]
<images/DiagraUsuarios.png, id=404, 563.10374pt x 261.97874pt>
File: images/DiagraUsuarios.png Graphic file (type png)
<use images/DiagraUsuarios.png>
Package pdftex.def Info: images/DiagraUsuarios.png  used on input line 252.
(pdftex.def)             Requested size: 400.38872pt x 186.27803pt.
File: theme/headerPar.png Graphic file (type png)
<use theme/headerPar.png>
Package pdftex.def Info: theme/headerPar.png  used on input line 261.
(pdftex.def)             Requested size: 210.00035pt x 35.0pt.
File: theme/pleca.png Graphic file (type png)
<use theme/pleca.png>
Package pdftex.def Info: theme/pleca.png  used on input line 261.
(pdftex.def)             Requested size: 614.2935pt x 86.72379pt.
 [6]
<images/flujo.png, id=409, 855.195pt x 503.8825pt>
File: images/flujo.png Graphic file (type png)
<use images/flujo.png>
Package pdftex.def Info: images/flujo.png  used on input line 270.
(pdftex.def)             Requested size: 400.38872pt x 235.90987pt.
File: theme/headerInp.png Graphic file (type png)
<use theme/headerInp.png>
Package pdftex.def Info: theme/headerInp.png  used on input line 281.
(pdftex.def)             Requested size: 210.00035pt x 35.0pt.
File: theme/pleca.png Graphic file (type png)
<use theme/pleca.png>
Package pdftex.def Info: theme/pleca.png  used on input line 281.
(pdftex.def)             Requested size: 614.2935pt x 86.72379pt.
 [7 <./images/DiagraUsuarios.png> <./images/flujo.png>]
File: theme/headerPar.png Graphic file (type png)
<use theme/headerPar.png>
Package pdftex.def Info: theme/headerPar.png  used on input line 355.
(pdftex.def)             Requested size: 210.00035pt x 35.0pt.
File: theme/pleca.png Graphic file (type png)
<use theme/pleca.png>
Package pdftex.def Info: theme/pleca.png  used on input line 355.
(pdftex.def)             Requested size: 614.2935pt x 86.72379pt.
 [8]
LaTeX Font Info:    Font shape `OT1/txss/b/n' will be
(Font)              scaled to size 7.59998pt on input line 377.

Overfull \hbox (5.88156pt too wide) in paragraph at lines 379--379
[]|\OT1/txss/m/n/10 Iter.[]| 
 []


Underfull \hbox (badness 2922) in paragraph at lines 384--384
[]|\OT1/txss/m/n/10 Inicio de se-si[]on al
 []


Overfull \hbox (2.41966pt too wide) in paragraph at lines 384--384
[]|\OT1/txss/b/n/10 DONE[]| 
 []


Underfull \hbox (badness 7869) in paragraph at lines 390--390
[]|\OT1/txss/m/n/10 Control de ac-ce-so
 []


Overfull \hbox (2.41966pt too wide) in paragraph at lines 390--390
[]|\OT1/txss/b/n/10 DONE[]| 
 []


Overfull \hbox (2.41966pt too wide) in paragraph at lines 395--395
[]|\OT1/txss/b/n/10 DONE[]| 
 []


Overfull \hbox (2.41966pt too wide) in paragraph at lines 401--401
[]|\OT1/txss/b/n/10 DONE[]| 
 []


Overfull \hbox (2.41966pt too wide) in paragraph at lines 406--406
[]|\OT1/txss/b/n/10 DONE[]| 
 []


Underfull \hbox (badness 1460) in paragraph at lines 410--410
[]|\OT1/txss/m/n/10 Modificaci[]on de da-
 []


Overfull \hbox (2.41966pt too wide) in paragraph at lines 410--410
[]|\OT1/txss/b/n/10 DONE[]| 
 []


Overfull \hbox (2.41966pt too wide) in paragraph at lines 416--416
[]|\OT1/txss/b/n/10 DONE[]| 
 []


Overfull \hbox (2.41966pt too wide) in paragraph at lines 421--421
[]|\OT1/txss/b/n/10 DONE[]| 
 []


Overfull \hbox (2.03964pt too wide) in paragraph at lines 430--430
[]|\OT1/txss/b/n/10 TODO[]| 
 []


Underfull \hbox (badness 4096) in paragraph at lines 437--437
[]|\OT1/txss/m/n/10 Registro del he-cho
 []


Overfull \hbox (2.03964pt too wide) in paragraph at lines 437--437
[]|\OT1/txss/b/n/10 TODO[]| 
 []


Overfull \hbox (2.03964pt too wide) in paragraph at lines 443--443
[]|\OT1/txss/b/n/10 TODO[]| 
 []


Underfull \hbox (badness 5417) in paragraph at lines 448--448
[]|\OT1/txss/m/n/10 Detecci[]on de NNA
 []


Overfull \hbox (2.03964pt too wide) in paragraph at lines 448--448
[]|\OT1/txss/b/n/10 TODO[]| 
 []


Overfull \hbox (2.03964pt too wide) in paragraph at lines 454--454
[]|\OT1/txss/b/n/10 TODO[]| 
 []


Underfull \hbox (badness 1460) in paragraph at lines 459--459
[]|\OT1/txss/m/n/10 Modificaci[]on de da-
 []


Overfull \hbox (2.03964pt too wide) in paragraph at lines 459--459
[]|\OT1/txss/b/n/10 TODO[]| 
 []


Underfull \hbox (badness 10000) in paragraph at lines 466--466
[]|\OT1/txss/m/n/10 Apertura de ex-pe-
 []


Overfull \hbox (2.03964pt too wide) in paragraph at lines 466--466
[]|\OT1/txss/b/n/10 TODO[]| 
 []


Underfull \hbox (badness 3343) in paragraph at lines 472--472
[]|\OT1/txss/m/n/10 Registro de va-lo-ra-
 []


Underfull \hbox (badness 10000) in paragraph at lines 472--472
\OT1/txss/m/n/10 cio-nes mul-ti-dis-ci-pli-
 []


Overfull \hbox (2.03964pt too wide) in paragraph at lines 472--472
[]|\OT1/txss/b/n/10 TODO[]| 
 []


Overfull \hbox (2.03964pt too wide) in paragraph at lines 478--478
[]|\OT1/txss/b/n/10 TODO[]| 
 []


Underfull \hbox (badness 7451) in paragraph at lines 484--484
[]|\OT1/txss/m/n/10 Consulta de ex-pe-
 []


Overfull \hbox (2.03964pt too wide) in paragraph at lines 484--484
[]|\OT1/txss/b/n/10 TODO[]| 
 []


Underfull \hbox (badness 1460) in paragraph at lines 492--492
[]|\OT1/txss/m/n/10 Registro de ac-to-res
 []


Overfull \hbox (2.03964pt too wide) in paragraph at lines 492--492
[]|\OT1/txss/b/n/10 TODO[]| 
 []


Overfull \hbox (2.03964pt too wide) in paragraph at lines 498--498
[]|\OT1/txss/b/n/10 TODO[]| 
 []


Underfull \hbox (badness 1789) in paragraph at lines 505--505
[]|\OT1/txss/m/n/10 Registro de do-mi-ci-
 []


Overfull \hbox (2.03964pt too wide) in paragraph at lines 505--505
[]|\OT1/txss/b/n/10 TODO[]| 
 []


Overfull \hbox (2.03964pt too wide) in paragraph at lines 511--511
[]|\OT1/txss/b/n/10 TODO[]| 
 []


Overfull \hbox (2.03964pt too wide) in paragraph at lines 517--517
[]|\OT1/txss/b/n/10 TODO[]| 
 []


Overfull \hbox (2.03964pt too wide) in paragraph at lines 523--523
[]|\OT1/txss/b/n/10 TODO[]| 
 []


Underfull \hbox (badness 1776) in paragraph at lines 530--530
[]|\OT1/txss/m/n/10 Gesti[]on de equi-pos
 []


Overfull \hbox (2.03964pt too wide) in paragraph at lines 530--530
[]|\OT1/txss/b/n/10 TODO[]| 
 []


Underfull \hbox (badness 1460) in paragraph at lines 536--536
[]|\OT1/txss/m/n/10 Asignaci[]on de NNA
 []


Overfull \hbox (2.03964pt too wide) in paragraph at lines 536--536
[]|\OT1/txss/b/n/10 TODO[]| 
 []


Overfull \hbox (2.03964pt too wide) in paragraph at lines 543--543
[]|\OT1/txss/b/n/10 TODO[]| 
 []

ignored error: Infinite glue shrinkage found in box being split
File: theme/headerInp.png Graphic file (type png)
<use theme/headerInp.png>
Package pdftex.def Info: theme/headerInp.png  used on input line 545.
(pdftex.def)             Requested size: 210.00035pt x 35.0pt.
File: theme/pleca.png Graphic file (type png)
<use theme/pleca.png>
Package pdftex.def Info: theme/pleca.png  used on input line 545.
(pdftex.def)             Requested size: 614.2935pt x 86.72379pt.
 [9]
ignored error: Infinite glue shrinkage found in box being split
File: theme/headerPar.png Graphic file (type png)
<use theme/headerPar.png>
Package pdftex.def Info: theme/headerPar.png  used on input line 545.
(pdftex.def)             Requested size: 210.00035pt x 35.0pt.
File: theme/pleca.png Graphic file (type png)
<use theme/pleca.png>
Package pdftex.def Info: theme/pleca.png  used on input line 545.
(pdftex.def)             Requested size: 614.2935pt x 86.72379pt.
 [10]
File: theme/headerInp.png Graphic file (type png)
<use theme/headerInp.png>
Package pdftex.def Info: theme/headerInp.png  used on input line 564.
(pdftex.def)             Requested size: 210.00035pt x 35.0pt.
File: theme/pleca.png Graphic file (type png)
<use theme/pleca.png>
Package pdftex.def Info: theme/pleca.png  used on input line 564.
(pdftex.def)             Requested size: 614.2935pt x 86.72379pt.
 [11]
File: theme/headerPar.png Graphic file (type png)
<use theme/headerPar.png>
Package pdftex.def Info: theme/headerPar.png  used on input line 644.
(pdftex.def)             Requested size: 210.00035pt x 35.0pt.
File: theme/pleca.png Graphic file (type png)
<use theme/pleca.png>
Package pdftex.def Info: theme/pleca.png  used on input line 644.
(pdftex.def)             Requested size: 614.2935pt x 86.72379pt.

[12]
<images/arquitectura.png, id=440, 563.10374pt x 458.71375pt>
File: images/arquitectura.png Graphic file (type png)
<use images/arquitectura.png>
Package pdftex.def Info: images/arquitectura.png  used on input line 648.
(pdftex.def)             Requested size: 300.29344pt x 244.622pt.
)
File: theme/headerInp.png Graphic file (type png)
<use theme/headerInp.png>
Package pdftex.def Info: theme/headerInp.png  used on input line 42.
(pdftex.def)             Requested size: 210.00035pt x 35.0pt.
File: theme/pleca.png Graphic file (type png)
<use theme/pleca.png>
Package pdftex.def Info: theme/pleca.png  used on input line 42.
(pdftex.def)             Requested size: 614.2935pt x 86.72379pt.
 [13 <./images/arquitectura.png>]
\openout2 = `3ModeloDelNegocio.aux'.

 (3ModeloDelNegocio.tex
File: theme/headerPar.png Graphic file (type png)
<use theme/headerPar.png>
Package pdftex.def Info: theme/headerPar.png  used on input line 4.
(pdftex.def)             Requested size: 210.00035pt x 35.0pt.
File: theme/pleca.png Graphic file (type png)
<use theme/pleca.png>
Package pdftex.def Info: theme/pleca.png  used on input line 4.
(pdftex.def)             Requested size: 614.2935pt x 86.72379pt.
 [14




]
Cap\'{\i }tulo 3.
<cdt/images/actorRule.png, id=450, 1401.0744pt x 130.086pt>
File: cdt/images/actorRule.png Graphic file (type png)
<use cdt/images/actorRule.png>
Package pdftex.def Info: cdt/images/actorRule.png  used on input line 22.
(pdftex.def)             Requested size: 500.484pt x 46.46767pt.
File: theme/pleca.png Graphic file (type png)
<use theme/pleca.png>
Package pdftex.def Info: theme/pleca.png  used on input line 46.
(pdftex.def)             Requested size: 614.2935pt x 86.72379pt.
[15 <./cdt/images/actorRule.png>]
File: cdt/images/actorRule.png Graphic file (type png)
<use cdt/images/actorRule.png>
Package pdftex.def Info: cdt/images/actorRule.png  used on input line 68.
(pdftex.def)             Requested size: 500.484pt x 46.46767pt.
File: theme/headerPar.png Graphic file (type png)
<use theme/headerPar.png>
Package pdftex.def Info: theme/headerPar.png  used on input line 104.
(pdftex.def)             Requested size: 210.00035pt x 35.0pt.
File: theme/pleca.png Graphic file (type png)
<use theme/pleca.png>
Package pdftex.def Info: theme/pleca.png  used on input line 104.
(pdftex.def)             Requested size: 614.2935pt x 86.72379pt.
 [16]
File: cdt/images/actorRule.png Graphic file (type png)
<use cdt/images/actorRule.png>
Package pdftex.def Info: cdt/images/actorRule.png  used on input line 118.
(pdftex.def)             Requested size: 500.484pt x 46.46767pt.
File: theme/headerInp.png Graphic file (type png)
<use theme/headerInp.png>
Package pdftex.def Info: theme/headerInp.png  used on input line 157.
(pdftex.def)             Requested size: 210.00035pt x 35.0pt.
File: theme/pleca.png Graphic file (type png)
<use theme/pleca.png>
Package pdftex.def Info: theme/pleca.png  used on input line 157.
(pdftex.def)             Requested size: 614.2935pt x 86.72379pt.
 [17]
File: cdt/images/actorRule.png Graphic file (type png)
<use cdt/images/actorRule.png>
Package pdftex.def Info: cdt/images/actorRule.png  used on input line 176.
(pdftex.def)             Requested size: 500.484pt x 46.46767pt.
File: theme/headerPar.png Graphic file (type png)
<use theme/headerPar.png>
Package pdftex.def Info: theme/headerPar.png  used on input line 212.
(pdftex.def)             Requested size: 210.00035pt x 35.0pt.
File: theme/pleca.png Graphic file (type png)
<use theme/pleca.png>
Package pdftex.def Info: theme/pleca.png  used on input line 212.
(pdftex.def)             Requested size: 614.2935pt x 86.72379pt.
 [18]
File: cdt/images/actorRule.png Graphic file (type png)
<use cdt/images/actorRule.png>
Package pdftex.def Info: cdt/images/actorRule.png  used on input line 226.
(pdftex.def)             Requested size: 500.484pt x 46.46767pt.
File: theme/headerInp.png Graphic file (type png)
<use theme/headerInp.png>
Package pdftex.def Info: theme/headerInp.png  used on input line 269.
(pdftex.def)             Requested size: 210.00035pt x 35.0pt.
File: theme/pleca.png Graphic file (type png)
<use theme/pleca.png>
Package pdftex.def Info: theme/pleca.png  used on input line 269.
(pdftex.def)             Requested size: 614.2935pt x 86.72379pt.
 [19]
File: cdt/images/actorRule.png Graphic file (type png)
<use cdt/images/actorRule.png>
Package pdftex.def Info: cdt/images/actorRule.png  used on input line 277.
(pdftex.def)             Requested size: 500.484pt x 46.46767pt.
File: theme/headerPar.png Graphic file (type png)
<use theme/headerPar.png>
Package pdftex.def Info: theme/headerPar.png  used on input line 324.
(pdftex.def)             Requested size: 210.00035pt x 35.0pt.
File: theme/pleca.png Graphic file (type png)
<use theme/pleca.png>
Package pdftex.def Info: theme/pleca.png  used on input line 324.
(pdftex.def)             Requested size: 614.2935pt x 86.72379pt.
 [20]
File: theme/headerInp.png Graphic file (type png)
<use theme/headerInp.png>
Package pdftex.def Info: theme/headerInp.png  used on input line 419.
(pdftex.def)             Requested size: 210.00035pt x 35.0pt.
File: theme/pleca.png Graphic file (type png)
<use theme/pleca.png>
Package pdftex.def Info: theme/pleca.png  used on input line 419.
(pdftex.def)             Requested size: 614.2935pt x 86.72379pt.

Overfull \hbox (10.03761pt too wide) has occurred while \output is active
[][]\OT1/txss/m/n/10 ''' [] 
 []

[21]
File: theme/headerPar.png Graphic file (type png)
<use theme/headerPar.png>
Package pdftex.def Info: theme/headerPar.png  used on input line 503.
(pdftex.def)             Requested size: 210.00035pt x 35.0pt.
File: theme/pleca.png Graphic file (type png)
<use theme/pleca.png>
Package pdftex.def Info: theme/pleca.png  used on input line 503.
(pdftex.def)             Requested size: 614.2935pt x 86.72379pt.

Overfull \hbox (10.03761pt too wide) has occurred while \output is active
[][]\OT1/txss/m/n/10 ''' [] 
 []

[22]

LaTeX Warning: Reference `fig:diagramaBDproyecto3' on page 23 undefined on inpu
t line 532.

<images/diagramaDBproyecto3.png, id=492, 3537.215pt x 2468.22125pt>
File: images/diagramaDBproyecto3.png Graphic file (type png)
<use images/diagramaDBproyecto3.png>
Package pdftex.def Info: images/diagramaDBproyecto3.png  used on input line 537
.
(pdftex.def)             Requested size: 3537.20642pt x 2468.21526pt.

LaTeX Warning: Float too large for page by 12.5814pt on input line 541.

File: theme/headerInp.png Graphic file (type png)
<use theme/headerInp.png>
Package pdftex.def Info: theme/headerInp.png  used on input line 543.
(pdftex.def)             Requested size: 210.00035pt x 35.0pt.
File: theme/pleca.png Graphic file (type png)
<use theme/pleca.png>
Package pdftex.def Info: theme/pleca.png  used on input line 543.
(pdftex.def)             Requested size: 614.2935pt x 86.72379pt.
[23]
File: theme/headerPar.png Graphic file (type png)
<use theme/headerPar.png>
Package pdftex.def Info: theme/headerPar.png  used on input line 543.
(pdftex.def)             Requested size: 210.00035pt x 35.0pt.
File: theme/pleca.png Graphic file (type png)
<use theme/pleca.png>
Package pdftex.def Info: theme/pleca.png  used on input line 543.
(pdftex.def)             Requested size: 614.2935pt x 86.72379pt.
 [24 <./images/diagramaDBproyecto3.png>]
<cdt/images/classRule.png, id=502, 1930.5726pt x 130.086pt>
File: cdt/images/classRule.png Graphic file (type png)
<use cdt/images/classRule.png>
Package pdftex.def Info: cdt/images/classRule.png  used on input line 545.
(pdftex.def)             Requested size: 500.484pt x 33.7223pt.

Overfull \hbox (3.92613pt too wide) in paragraph at lines 545--545
[]|\OT1/txss/m/n/10 Requerido| 
 []

File: cdt/images/classRule.png Graphic file (type png)
<use cdt/images/classRule.png>
Package pdftex.def Info: cdt/images/classRule.png  used on input line 550.
(pdftex.def)             Requested size: 500.484pt x 33.7223pt.

Overfull \hbox (3.92613pt too wide) in paragraph at lines 550--550
[]|\OT1/txss/m/n/10 Requerido| 
 []

File: cdt/images/classRule.png Graphic file (type png)
<use cdt/images/classRule.png>
Package pdftex.def Info: cdt/images/classRule.png  used on input line 558.
(pdftex.def)             Requested size: 500.484pt x 33.7223pt.

Overfull \hbox (3.92613pt too wide) in paragraph at lines 558--558
[]|\OT1/txss/m/n/10 Requerido| 
 []

ignored error: Infinite glue shrinkage found in box being split
File: theme/headerInp.png Graphic file (type png)
<use theme/headerInp.png>
Package pdftex.def Info: theme/headerInp.png  used on input line 565.
(pdftex.def)             Requested size: 210.00035pt x 35.0pt.
File: theme/pleca.png Graphic file (type png)
<use theme/pleca.png>
Package pdftex.def Info: theme/pleca.png  used on input line 565.
(pdftex.def)             Requested size: 614.2935pt x 86.72379pt.
 [25

 <./cdt/images/classRule.png>]
File: cdt/images/classRule.png Graphic file (type png)
<use cdt/images/classRule.png>
Package pdftex.def Info: cdt/images/classRule.png  used on input line 567.
(pdftex.def)             Requested size: 500.484pt x 33.7223pt.

Overfull \hbox (3.92613pt too wide) in paragraph at lines 567--567
[]|\OT1/txss/m/n/10 Requerido| 
 []

File: cdt/images/classRule.png Graphic file (type png)
<use cdt/images/classRule.png>
Package pdftex.def Info: cdt/images/classRule.png  used on input line 572.
(pdftex.def)             Requested size: 500.484pt x 33.7223pt.

Overfull \hbox (3.92613pt too wide) in paragraph at lines 572--572
[]|\OT1/txss/m/n/10 Requerido| 
 []

File: cdt/images/classRule.png Graphic file (type png)
<use cdt/images/classRule.png>
Package pdftex.def Info: cdt/images/classRule.png  used on input line 581.
(pdftex.def)             Requested size: 500.484pt x 33.7223pt.

Overfull \hbox (3.92613pt too wide) in paragraph at lines 581--581
[]|\OT1/txss/m/n/10 Requerido| 
 []

File: cdt/images/classRule.png Graphic file (type png)
<use cdt/images/classRule.png>
Package pdftex.def Info: cdt/images/classRule.png  used on input line 586.
(pdftex.def)             Requested size: 500.484pt x 33.7223pt.

Overfull \hbox (3.92613pt too wide) in paragraph at lines 586--586
[]|\OT1/txss/m/n/10 Requerido| 
 []

File: theme/headerPar.png Graphic file (type png)
<use theme/headerPar.png>
Package pdftex.def Info: theme/headerPar.png  used on input line 590.
(pdftex.def)             Requested size: 210.00035pt x 35.0pt.
File: theme/pleca.png Graphic file (type png)
<use theme/pleca.png>
Package pdftex.def Info: theme/pleca.png  used on input line 590.
(pdftex.def)             Requested size: 614.2935pt x 86.72379pt.
[26]
File: cdt/images/classRule.png Graphic file (type png)
<use cdt/images/classRule.png>
Package pdftex.def Info: cdt/images/classRule.png  used on input line 592.
(pdftex.def)             Requested size: 500.484pt x 33.7223pt.

Overfull \hbox (3.92613pt too wide) in paragraph at lines 592--592
[]|\OT1/txss/m/n/10 Requerido| 
 []

File: cdt/images/classRule.png Graphic file (type png)
<use cdt/images/classRule.png>
Package pdftex.def Info: cdt/images/classRule.png  used on input line 597.
(pdftex.def)             Requested size: 500.484pt x 33.7223pt.

Overfull \hbox (3.92613pt too wide) in paragraph at lines 597--597
[]|\OT1/txss/m/n/10 Requerido| 
 []

File: cdt/images/classRule.png Graphic file (type png)
<use cdt/images/classRule.png>
Package pdftex.def Info: cdt/images/classRule.png  used on input line 602.
(pdftex.def)             Requested size: 500.484pt x 33.7223pt.

Overfull \hbox (3.92613pt too wide) in paragraph at lines 602--602
[]|\OT1/txss/m/n/10 Requerido| 
 []

File: cdt/images/classRule.png Graphic file (type png)
<use cdt/images/classRule.png>
Package pdftex.def Info: cdt/images/classRule.png  used on input line 611.
(pdftex.def)             Requested size: 500.484pt x 33.7223pt.
File: theme/headerInp.png Graphic file (type png)
<use theme/headerInp.png>
Package pdftex.def Info: theme/headerInp.png  used on input line 611.
(pdftex.def)             Requested size: 210.00035pt x 35.0pt.
File: theme/pleca.png Graphic file (type png)
<use theme/pleca.png>
Package pdftex.def Info: theme/pleca.png  used on input line 611.
(pdftex.def)             Requested size: 614.2935pt x 86.72379pt.
[27]
Overfull \hbox (3.92613pt too wide) in paragraph at lines 611--611
[]|\OT1/txss/m/n/10 Requerido| 
 []

File: cdt/images/classRule.png Graphic file (type png)
<use cdt/images/classRule.png>
Package pdftex.def Info: cdt/images/classRule.png  used on input line 623.
(pdftex.def)             Requested size: 500.484pt x 33.7223pt.

Overfull \hbox (3.92613pt too wide) in paragraph at lines 623--623
[]|\OT1/txss/m/n/10 Requerido| 
 []

ignored error: Infinite glue shrinkage found in box being split
File: theme/headerPar.png Graphic file (type png)
<use theme/headerPar.png>
Package pdftex.def Info: theme/headerPar.png  used on input line 634.
(pdftex.def)             Requested size: 210.00035pt x 35.0pt.
File: theme/pleca.png Graphic file (type png)
<use theme/pleca.png>
Package pdftex.def Info: theme/pleca.png  used on input line 634.
(pdftex.def)             Requested size: 614.2935pt x 86.72379pt.
 [28]
File: cdt/images/classRule.png Graphic file (type png)
<use cdt/images/classRule.png>
Package pdftex.def Info: cdt/images/classRule.png  used on input line 636.
(pdftex.def)             Requested size: 500.484pt x 33.7223pt.

Overfull \hbox (3.92613pt too wide) in paragraph at lines 636--636
[]|\OT1/txss/m/n/10 Requerido| 
 []

File: cdt/images/classRule.png Graphic file (type png)
<use cdt/images/classRule.png>
Package pdftex.def Info: cdt/images/classRule.png  used on input line 651.
(pdftex.def)             Requested size: 500.484pt x 33.7223pt.

Overfull \hbox (3.92613pt too wide) in paragraph at lines 651--651
[]|\OT1/txss/m/n/10 Requerido| 
 []


Underfull \hbox (badness 10000) in paragraph at lines 669--669
[]|\OT1/txss/b/n/10 Direcciones
 []

ignored error: Infinite glue shrinkage found in box being split
File: theme/headerInp.png Graphic file (type png)
<use theme/headerInp.png>
Package pdftex.def Info: theme/headerInp.png  used on input line 671.
(pdftex.def)             Requested size: 210.00035pt x 35.0pt.
File: theme/pleca.png Graphic file (type png)
<use theme/pleca.png>
Package pdftex.def Info: theme/pleca.png  used on input line 671.
(pdftex.def)             Requested size: 614.2935pt x 86.72379pt.
 [29]
File: cdt/images/classRule.png Graphic file (type png)
<use cdt/images/classRule.png>
Package pdftex.def Info: cdt/images/classRule.png  used on input line 673.
(pdftex.def)             Requested size: 500.484pt x 33.7223pt.

Overfull \hbox (3.92613pt too wide) in paragraph at lines 673--673
[]|\OT1/txss/m/n/10 Requerido| 
 []

File: cdt/images/classRule.png Graphic file (type png)
<use cdt/images/classRule.png>
Package pdftex.def Info: cdt/images/classRule.png  used on input line 680.
(pdftex.def)             Requested size: 500.484pt x 33.7223pt.

Overfull \hbox (3.92613pt too wide) in paragraph at lines 680--680
[]|\OT1/txss/m/n/10 Requerido| 
 []


Underfull \hbox (badness 10000) in paragraph at lines 691--691
[]|\OT1/txss/b/n/10 Equipos Mul-ti-
 []

File: theme/headerPar.png Graphic file (type png)
<use theme/headerPar.png>
Package pdftex.def Info: theme/headerPar.png  used on input line 693.
(pdftex.def)             Requested size: 210.00035pt x 35.0pt.
File: theme/pleca.png Graphic file (type png)
<use theme/pleca.png>
Package pdftex.def Info: theme/pleca.png  used on input line 693.
(pdftex.def)             Requested size: 614.2935pt x 86.72379pt.
[30]
File: cdt/images/classRule.png Graphic file (type png)
<use cdt/images/classRule.png>
Package pdftex.def Info: cdt/images/classRule.png  used on input line 699.
(pdftex.def)             Requested size: 500.484pt x 33.7223pt.

Overfull \hbox (3.92613pt too wide) in paragraph at lines 699--699
[]|\OT1/txss/m/n/10 Requerido| 
 []


Underfull \hbox (badness 10000) in paragraph at lines 712--712
[]|\OT1/txss/b/n/10 Direcciones
 []

ignored error: Infinite glue shrinkage found in box being split
File: theme/headerInp.png Graphic file (type png)
<use theme/headerInp.png>
Package pdftex.def Info: theme/headerInp.png  used on input line 713.
(pdftex.def)             Requested size: 210.00035pt x 35.0pt.
File: theme/pleca.png Graphic file (type png)
<use theme/pleca.png>
Package pdftex.def Info: theme/pleca.png  used on input line 713.
(pdftex.def)             Requested size: 614.2935pt x 86.72379pt.
 [31]
File: cdt/images/classRule.png Graphic file (type png)
<use cdt/images/classRule.png>
Package pdftex.def Info: cdt/images/classRule.png  used on input line 715.
(pdftex.def)             Requested size: 500.484pt x 33.7223pt.

Overfull \hbox (3.92613pt too wide) in paragraph at lines 715--715
[]|\OT1/txss/m/n/10 Requerido| 
 []


Underfull \hbox (badness 10000) in paragraph at lines 736--736
[]|\OT1/txss/b/n/10 CatEstatus
 []


Underfull \hbox (badness 10000) in paragraph at lines 738--738
[]|\OT1/txss/b/n/10 Equipos Mul-ti-
 []

ignored error: Infinite glue shrinkage found in box being split
File: theme/headerPar.png Graphic file (type png)
<use theme/headerPar.png>
Package pdftex.def Info: theme/headerPar.png  used on input line 740.
(pdftex.def)             Requested size: 210.00035pt x 35.0pt.
File: theme/pleca.png Graphic file (type png)
<use theme/pleca.png>
Package pdftex.def Info: theme/pleca.png  used on input line 740.
(pdftex.def)             Requested size: 614.2935pt x 86.72379pt.
 [32]
File: cdt/images/classRule.png Graphic file (type png)
<use cdt/images/classRule.png>
Package pdftex.def Info: cdt/images/classRule.png  used on input line 746.
(pdftex.def)             Requested size: 500.484pt x 33.7223pt.

Overfull \hbox (3.92613pt too wide) in paragraph at lines 746--746
[]|\OT1/txss/m/n/10 Requerido| 
 []


Underfull \hbox (badness 3019) in paragraph at lines 753--753
[]|\OT1/txss/b/n/10 Nombre del Me-di-ca-
 []


Overfull \hbox (5.60403pt too wide) in paragraph at lines 757--757
[]|\OT1/txss/b/n/10 CatEnfermedades| 
 []

File: cdt/images/classRule.png Graphic file (type png)
<use cdt/images/classRule.png>
Package pdftex.def Info: cdt/images/classRule.png  used on input line 760.
(pdftex.def)             Requested size: 500.484pt x 33.7223pt.
File: theme/headerInp.png Graphic file (type png)
<use theme/headerInp.png>
Package pdftex.def Info: theme/headerInp.png  used on input line 760.
(pdftex.def)             Requested size: 210.00035pt x 35.0pt.
File: theme/pleca.png Graphic file (type png)
<use theme/pleca.png>
Package pdftex.def Info: theme/pleca.png  used on input line 760.
(pdftex.def)             Requested size: 614.2935pt x 86.72379pt.
[33]
Overfull \hbox (3.92613pt too wide) in paragraph at lines 760--760
[]|\OT1/txss/m/n/10 Requerido| 
 []

File: cdt/images/classRule.png Graphic file (type png)
<use cdt/images/classRule.png>
Package pdftex.def Info: cdt/images/classRule.png  used on input line 777.
(pdftex.def)             Requested size: 500.484pt x 33.7223pt.

Overfull \hbox (3.92613pt too wide) in paragraph at lines 777--777
[]|\OT1/txss/m/n/10 Requerido| 
 []


Underfull \hbox (badness 3019) in paragraph at lines 784--784
[]|\OT1/txss/b/n/10 Nombre del Me-di-ca-
 []


Overfull \hbox (5.60403pt too wide) in paragraph at lines 788--788
[]|\OT1/txss/b/n/10 CatEnfermedades| 
 []

ignored error: Infinite glue shrinkage found in box being split
File: theme/headerPar.png Graphic file (type png)
<use theme/headerPar.png>
Package pdftex.def Info: theme/headerPar.png  used on input line 789.
(pdftex.def)             Requested size: 210.00035pt x 35.0pt.
File: theme/pleca.png Graphic file (type png)
<use theme/pleca.png>
Package pdftex.def Info: theme/pleca.png  used on input line 789.
(pdftex.def)             Requested size: 614.2935pt x 86.72379pt.
 [34]
File: cdt/images/classRule.png Graphic file (type png)
<use cdt/images/classRule.png>
Package pdftex.def Info: cdt/images/classRule.png  used on input line 791.
(pdftex.def)             Requested size: 500.484pt x 33.7223pt.

Overfull \hbox (3.92613pt too wide) in paragraph at lines 791--791
[]|\OT1/txss/m/n/10 Requerido| 
 []


Underfull \hbox (badness 10000) in paragraph at lines 800--800
[]|\OT1/txss/b/n/10 Cat Dis-ca-pa-ci-
 []

File: cdt/images/classRule.png Graphic file (type png)
<use cdt/images/classRule.png>
Package pdftex.def Info: cdt/images/classRule.png  used on input line 803.
(pdftex.def)             Requested size: 500.484pt x 33.7223pt.

Overfull \hbox (3.92613pt too wide) in paragraph at lines 803--803
[]|\OT1/txss/m/n/10 Requerido| 
 []

File: theme/headerInp.png Graphic file (type png)
<use theme/headerInp.png>
Package pdftex.def Info: theme/headerInp.png  used on input line 814.
(pdftex.def)             Requested size: 210.00035pt x 35.0pt.
File: theme/pleca.png Graphic file (type png)
<use theme/pleca.png>
Package pdftex.def Info: theme/pleca.png  used on input line 814.
(pdftex.def)             Requested size: 614.2935pt x 86.72379pt.
[35]
File: cdt/images/classRule.png Graphic file (type png)
<use cdt/images/classRule.png>
Package pdftex.def Info: cdt/images/classRule.png  used on input line 820.
(pdftex.def)             Requested size: 500.484pt x 33.7223pt.

Overfull \hbox (3.92613pt too wide) in paragraph at lines 820--820
[]|\OT1/txss/m/n/10 Requerido| 
 []


Underfull \hbox (badness 1248) in paragraph at lines 824--824
[]|\OT1/txss/b/n/10 Es Or-ga-ni-za-ci[]on Pri-
 []

ignored error: Infinite glue shrinkage found in box being split
File: theme/headerPar.png Graphic file (type png)
<use theme/headerPar.png>
Package pdftex.def Info: theme/headerPar.png  used on input line 836.
(pdftex.def)             Requested size: 210.00035pt x 35.0pt.
File: theme/pleca.png Graphic file (type png)
<use theme/pleca.png>
Package pdftex.def Info: theme/pleca.png  used on input line 836.
(pdftex.def)             Requested size: 614.2935pt x 86.72379pt.
 [36]
File: cdt/images/classRule.png Graphic file (type png)
<use cdt/images/classRule.png>
Package pdftex.def Info: cdt/images/classRule.png  used on input line 838.
(pdftex.def)             Requested size: 500.484pt x 33.7223pt.

Overfull \hbox (3.92613pt too wide) in paragraph at lines 838--838
[]|\OT1/txss/m/n/10 Requerido| 
 []


Overfull \hbox (3.49504pt too wide) in paragraph at lines 851--851
[]|\OT1/txss/b/n/10 ActoresDerechos| 
 []

File: cdt/images/classRule.png Graphic file (type png)
<use cdt/images/classRule.png>
Package pdftex.def Info: cdt/images/classRule.png  used on input line 858.
(pdftex.def)             Requested size: 500.484pt x 33.7223pt.

Overfull \hbox (3.92613pt too wide) in paragraph at lines 858--858
[]|\OT1/txss/m/n/10 Requerido| 
 []

File: theme/headerInp.png Graphic file (type png)
<use theme/headerInp.png>
Package pdftex.def Info: theme/headerInp.png  used on input line 866.
(pdftex.def)             Requested size: 210.00035pt x 35.0pt.
File: theme/pleca.png Graphic file (type png)
<use theme/pleca.png>
Package pdftex.def Info: theme/pleca.png  used on input line 866.
(pdftex.def)             Requested size: 614.2935pt x 86.72379pt.
[37]
File: cdt/images/classRule.png Graphic file (type png)
<use cdt/images/classRule.png>
Package pdftex.def Info: cdt/images/classRule.png  used on input line 868.
(pdftex.def)             Requested size: 500.484pt x 33.7223pt.

Overfull \hbox (3.92613pt too wide) in paragraph at lines 868--868
[]|\OT1/txss/m/n/10 Requerido| 
 []

File: cdt/images/classRule.png Graphic file (type png)
<use cdt/images/classRule.png>
Package pdftex.def Info: cdt/images/classRule.png  used on input line 877.
(pdftex.def)             Requested size: 500.484pt x 33.7223pt.

Overfull \hbox (3.92613pt too wide) in paragraph at lines 877--877
[]|\OT1/txss/m/n/10 Requerido| 
 []

File: theme/headerPar.png Graphic file (type png)
<use theme/headerPar.png>
Package pdftex.def Info: theme/headerPar.png  used on input line 888.
(pdftex.def)             Requested size: 210.00035pt x 35.0pt.
File: theme/pleca.png Graphic file (type png)
<use theme/pleca.png>
Package pdftex.def Info: theme/pleca.png  used on input line 888.
(pdftex.def)             Requested size: 614.2935pt x 86.72379pt.
[38]
File: cdt/images/classRule.png Graphic file (type png)
<use cdt/images/classRule.png>
Package pdftex.def Info: cdt/images/classRule.png  used on input line 890.
(pdftex.def)             Requested size: 500.484pt x 33.7223pt.

Overfull \hbox (3.92613pt too wide) in paragraph at lines 890--890
[]|\OT1/txss/m/n/10 Requerido| 
 []

File: cdt/images/classRule.png Graphic file (type png)
<use cdt/images/classRule.png>
Package pdftex.def Info: cdt/images/classRule.png  used on input line 903.
(pdftex.def)             Requested size: 500.484pt x 33.7223pt.
File: theme/headerInp.png Graphic file (type png)
<use theme/headerInp.png>
Package pdftex.def Info: theme/headerInp.png  used on input line 903.
(pdftex.def)             Requested size: 210.00035pt x 35.0pt.
File: theme/pleca.png Graphic file (type png)
<use theme/pleca.png>
Package pdftex.def Info: theme/pleca.png  used on input line 903.
(pdftex.def)             Requested size: 614.2935pt x 86.72379pt.
[39]
Overfull \hbox (3.92613pt too wide) in paragraph at lines 903--903
[]|\OT1/txss/m/n/10 Requerido| 
 []


Overfull \hbox (2.64003pt too wide) in paragraph at lines 910--910
[]|\OT1/txss/b/n/10 ServiciosActores| 
 []

)
File: theme/headerPar.png Graphic file (type png)
<use theme/headerPar.png>
Package pdftex.def Info: theme/headerPar.png  used on input line 45.
(pdftex.def)             Requested size: 210.00035pt x 35.0pt.
File: theme/pleca.png Graphic file (type png)
<use theme/pleca.png>
Package pdftex.def Info: theme/pleca.png  used on input line 45.
(pdftex.def)             Requested size: 614.2935pt x 86.72379pt.
 [40]
\openout2 = `4ModeloDinamico.aux'.

 (4ModeloDinamico.tex
Cap\'{\i }tulo 4.

LaTeX Warning: Reference `fig:casosDeUso' on page 41 undefined on input line 10
.


LaTeX Warning: Reference `fig:casosDeUsoDetalle' on page 41 undefined on input 
line 11.

<images/casosUso.jpeg, id=888, 682.55pt x 561.09625pt>
File: images/casosUso.jpeg Graphic file (type jpg)
<use images/casosUso.jpeg>
Package pdftex.def Info: images/casosUso.jpeg  used on input line 19.
(pdftex.def)             Requested size: 400.38872pt x 329.14323pt.

LaTeX Warning: Reference `fig:casosDeUso' on page 41 undefined on input line 21
.


LaTeX Warning: Reference `fig:casosDeUsoDetalle' on page 41 undefined on input 
line 21.

LaTeX Font Info:    Font shape `OT1/txss/m/n' will be
(Font)              scaled to size 8.54997pt on input line 57.
<cdt/images/cuRule.png, id=889, 926.46124pt x 57.21375pt>
File: cdt/images/cuRule.png Graphic file (type png)
<use cdt/images/cuRule.png>
Package pdftex.def Info: cdt/images/cuRule.png  used on input line 134.
(pdftex.def)             Requested size: 550.53545pt x 33.9985pt.

Overfull \hbox (60.09056pt too wide) in paragraph at lines 134--134
 []\OT1/txss/m/n/10 '''[][] 
 []

<cdt/images/iu.png, id=893, 61.22874pt x 55.20625pt>
File: cdt/images/iu.png Graphic file (type png)
<use cdt/images/iu.png>
Package pdftex.def Info: cdt/images/iu.png  used on input line 156.
(pdftex.def)             Requested size: 11.09076pt x 10.0pt.

Overfull \hbox (0.98582pt too wide) in paragraph at lines 159--159
[]|[]\OT1/txss/b/n/10 '''Precondiciones:| 
 []


Overfull \hbox (5.8783pt too wide) in paragraph at lines 162--162
[]|[]\OT1/txss/b/n/10 '''Postcondiciones:| 
 []


LaTeX Warning: Reference `CU-01.ingresaCredenciales' on page 41 undefined on in
put line 165.

<cdt/images/actor.png, id=895, 96.36pt x 74.2775pt>
File: cdt/images/actor.png Graphic file (type png)
<use cdt/images/actor.png>
Package pdftex.def Info: cdt/images/actor.png  used on input line 173.
(pdftex.def)             Requested size: 14.26958pt x 11.0pt.
<cdt/images/usecase.png, id=896, 91.34125pt x 61.22874pt>
File: cdt/images/usecase.png Graphic file (type png)
<use cdt/images/usecase.png>
Package pdftex.def Info: cdt/images/usecase.png  used on input line 174.
(pdftex.def)             Requested size: 16.40865pt x 11.0pt.
File: cdt/images/iu.png Graphic file (type png)
<use cdt/images/iu.png>
Package pdftex.def Info: cdt/images/iu.png  used on input line 174.
(pdftex.def)             Requested size: 11.09076pt x 10.0pt.
File: cdt/images/actor.png Graphic file (type png)
<use cdt/images/actor.png>
Package pdftex.def Info: cdt/images/actor.png  used on input line 175.
(pdftex.def)             Requested size: 14.26958pt x 11.0pt.
File: cdt/images/usecase.png Graphic file (type png)
<use cdt/images/usecase.png>
Package pdftex.def Info: cdt/images/usecase.png  used on input line 176.
(pdftex.def)             Requested size: 16.40865pt x 11.0pt.
LaTeX Font Info:    Trying to load font information for U+fontawesomefree3 on i
nput line 176.

(C:\Users\d\AppData\Local\Programs\MiKTeX\tex/latex/fontawesome5\ufontawesomefr
ee3.fd)
File: cdt/images/usecase.png Graphic file (type png)
<use cdt/images/usecase.png>
Package pdftex.def Info: cdt/images/usecase.png  used on input line 177.
(pdftex.def)             Requested size: 16.40865pt x 11.0pt.
File: cdt/images/usecase.png Graphic file (type png)
<use cdt/images/usecase.png>
Package pdftex.def Info: cdt/images/usecase.png  used on input line 178.
(pdftex.def)             Requested size: 16.40865pt x 11.0pt.
File: cdt/images/cuRule.png Graphic file (type png)
<use cdt/images/cuRule.png>
Package pdftex.def Info: cdt/images/cuRule.png  used on input line 185.
(pdftex.def)             Requested size: 550.53545pt x 33.9985pt.

Overfull \hbox (60.09056pt too wide) in paragraph at lines 185--185
 []\OT1/txss/m/n/10 '''[][] 
 []

File: cdt/images/iu.png Graphic file (type png)
<use cdt/images/iu.png>
Package pdftex.def Info: cdt/images/iu.png  used on input line 205.
(pdftex.def)             Requested size: 11.09076pt x 10.0pt.

Overfull \hbox (0.98582pt too wide) in paragraph at lines 208--208
[]|[]\OT1/txss/b/n/10 '''Precondiciones:| 
 []


Overfull \hbox (5.8783pt too wide) in paragraph at lines 211--211
[]|[]\OT1/txss/b/n/10 '''Postcondiciones:| 
 []

File: cdt/images/actor.png Graphic file (type png)
<use cdt/images/actor.png>
Package pdftex.def Info: cdt/images/actor.png  used on input line 222.
(pdftex.def)             Requested size: 14.26958pt x 11.0pt.
File: cdt/images/usecase.png Graphic file (type png)
<use cdt/images/usecase.png>
Package pdftex.def Info: cdt/images/usecase.png  used on input line 223.
(pdftex.def)             Requested size: 16.40865pt x 11.0pt.
File: cdt/images/usecase.png Graphic file (type png)
<use cdt/images/usecase.png>
Package pdftex.def Info: cdt/images/usecase.png  used on input line 224.
(pdftex.def)             Requested size: 16.40865pt x 11.0pt.
File: cdt/images/iu.png Graphic file (type png)
<use cdt/images/iu.png>
Package pdftex.def Info: cdt/images/iu.png  used on input line 224.
(pdftex.def)             Requested size: 11.09076pt x 10.0pt.
File: cdt/images/cuRule.png Graphic file (type png)
<use cdt/images/cuRule.png>
Package pdftex.def Info: cdt/images/cuRule.png  used on input line 235.
(pdftex.def)             Requested size: 550.53545pt x 33.9985pt.

Overfull \hbox (60.09056pt too wide) in paragraph at lines 235--235
 []\OT1/txss/m/n/10 '''[][] 
 []


Overfull \hbox (0.98582pt too wide) in paragraph at lines 259--259
[]|[]\OT1/txss/b/n/10 '''Precondiciones:| 
 []


Overfull \hbox (5.8783pt too wide) in paragraph at lines 262--262
[]|[]\OT1/txss/b/n/10 '''Postcondiciones:| 
 []

File: cdt/images/actor.png Graphic file (type png)
<use cdt/images/actor.png>
Package pdftex.def Info: cdt/images/actor.png  used on input line 273.
(pdftex.def)             Requested size: 14.26958pt x 11.0pt.
File: cdt/images/usecase.png Graphic file (type png)
<use cdt/images/usecase.png>
Package pdftex.def Info: cdt/images/usecase.png  used on input line 274.
(pdftex.def)             Requested size: 16.40865pt x 11.0pt.
File: cdt/images/iu.png Graphic file (type png)
<use cdt/images/iu.png>
Package pdftex.def Info: cdt/images/iu.png  used on input line 274.
(pdftex.def)             Requested size: 11.09076pt x 10.0pt.
File: cdt/images/actor.png Graphic file (type png)
<use cdt/images/actor.png>
Package pdftex.def Info: cdt/images/actor.png  used on input line 275.
(pdftex.def)             Requested size: 14.26958pt x 11.0pt.
File: cdt/images/usecase.png Graphic file (type png)
<use cdt/images/usecase.png>
Package pdftex.def Info: cdt/images/usecase.png  used on input line 276.
(pdftex.def)             Requested size: 16.40865pt x 11.0pt.
File: cdt/images/usecase.png Graphic file (type png)
<use cdt/images/usecase.png>
Package pdftex.def Info: cdt/images/usecase.png  used on input line 277.
(pdftex.def)             Requested size: 16.40865pt x 11.0pt.
File: cdt/images/usecase.png Graphic file (type png)
<use cdt/images/usecase.png>
Package pdftex.def Info: cdt/images/usecase.png  used on input line 278.
(pdftex.def)             Requested size: 16.40865pt x 11.0pt.
File: cdt/images/cuRule.png Graphic file (type png)
<use cdt/images/cuRule.png>
Package pdftex.def Info: cdt/images/cuRule.png  used on input line 285.
(pdftex.def)             Requested size: 550.53545pt x 33.9985pt.

Overfull \hbox (60.09056pt too wide) in paragraph at lines 285--285
 []\OT1/txss/m/n/10 '''[][] 
 []

File: cdt/images/iu.png Graphic file (type png)
<use cdt/images/iu.png>
Package pdftex.def Info: cdt/images/iu.png  used on input line 305.
(pdftex.def)             Requested size: 11.09076pt x 10.0pt.

Overfull \hbox (0.98582pt too wide) in paragraph at lines 309--309
[]|[]\OT1/txss/b/n/10 '''Precondiciones:| 
 []


Overfull \hbox (5.8783pt too wide) in paragraph at lines 312--312
[]|[]\OT1/txss/b/n/10 '''Postcondiciones:| 
 []

File: cdt/images/actor.png Graphic file (type png)
<use cdt/images/actor.png>
Package pdftex.def Info: cdt/images/actor.png  used on input line 323.
(pdftex.def)             Requested size: 14.26958pt x 11.0pt.
File: cdt/images/usecase.png Graphic file (type png)
<use cdt/images/usecase.png>
Package pdftex.def Info: cdt/images/usecase.png  used on input line 324.
(pdftex.def)             Requested size: 16.40865pt x 11.0pt.
File: cdt/images/actor.png Graphic file (type png)
<use cdt/images/actor.png>
Package pdftex.def Info: cdt/images/actor.png  used on input line 325.
(pdftex.def)             Requested size: 14.26958pt x 11.0pt.
File: cdt/images/usecase.png Graphic file (type png)
<use cdt/images/usecase.png>
Package pdftex.def Info: cdt/images/usecase.png  used on input line 326.
(pdftex.def)             Requested size: 16.40865pt x 11.0pt.
File: cdt/images/cuRule.png Graphic file (type png)
<use cdt/images/cuRule.png>
Package pdftex.def Info: cdt/images/cuRule.png  used on input line 333.
(pdftex.def)             Requested size: 550.53545pt x 33.9985pt.

Overfull \hbox (60.09056pt too wide) in paragraph at lines 333--333
 []\OT1/txss/m/n/10 '''[][] 
 []


Overfull \hbox (0.98582pt too wide) in paragraph at lines 356--356
[]|[]\OT1/txss/b/n/10 '''Precondiciones:| 
 []


Overfull \hbox (5.8783pt too wide) in paragraph at lines 359--359
[]|[]\OT1/txss/b/n/10 '''Postcondiciones:| 
 []

File: cdt/images/actor.png Graphic file (type png)
<use cdt/images/actor.png>
Package pdftex.def Info: cdt/images/actor.png  used on input line 370.
(pdftex.def)             Requested size: 14.26958pt x 11.0pt.
File: cdt/images/usecase.png Graphic file (type png)
<use cdt/images/usecase.png>
Package pdftex.def Info: cdt/images/usecase.png  used on input line 371.
(pdftex.def)             Requested size: 16.40865pt x 11.0pt.
File: cdt/images/iu.png Graphic file (type png)
<use cdt/images/iu.png>
Package pdftex.def Info: cdt/images/iu.png  used on input line 371.
(pdftex.def)             Requested size: 11.09076pt x 10.0pt.
File: cdt/images/actor.png Graphic file (type png)
<use cdt/images/actor.png>
Package pdftex.def Info: cdt/images/actor.png  used on input line 372.
(pdftex.def)             Requested size: 14.26958pt x 11.0pt.
File: cdt/images/usecase.png Graphic file (type png)
<use cdt/images/usecase.png>
Package pdftex.def Info: cdt/images/usecase.png  used on input line 373.
(pdftex.def)             Requested size: 16.40865pt x 11.0pt.
File: cdt/images/usecase.png Graphic file (type png)
<use cdt/images/usecase.png>
Package pdftex.def Info: cdt/images/usecase.png  used on input line 374.
(pdftex.def)             Requested size: 16.40865pt x 11.0pt.
File: cdt/images/usecase.png Graphic file (type png)
<use cdt/images/usecase.png>
Package pdftex.def Info: cdt/images/usecase.png  used on input line 375.
(pdftex.def)             Requested size: 16.40865pt x 11.0pt.
File: cdt/images/cuRule.png Graphic file (type png)
<use cdt/images/cuRule.png>
Package pdftex.def Info: cdt/images/cuRule.png  used on input line 382.
(pdftex.def)             Requested size: 550.53545pt x 33.9985pt.

Overfull \hbox (60.09056pt too wide) in paragraph at lines 382--382
 []\OT1/txss/m/n/10 '''[][] 
 []


Overfull \hbox (0.98582pt too wide) in paragraph at lines 405--405
[]|[]\OT1/txss/b/n/10 '''Precondiciones:| 
 []


Overfull \hbox (5.8783pt too wide) in paragraph at lines 408--408
[]|[]\OT1/txss/b/n/10 '''Postcondiciones:| 
 []

File: cdt/images/actor.png Graphic file (type png)
<use cdt/images/actor.png>
Package pdftex.def Info: cdt/images/actor.png  used on input line 419.
(pdftex.def)             Requested size: 14.26958pt x 11.0pt.
File: cdt/images/usecase.png Graphic file (type png)
<use cdt/images/usecase.png>
Package pdftex.def Info: cdt/images/usecase.png  used on input line 420.
(pdftex.def)             Requested size: 16.40865pt x 11.0pt.
File: cdt/images/actor.png Graphic file (type png)
<use cdt/images/actor.png>
Package pdftex.def Info: cdt/images/actor.png  used on input line 421.
(pdftex.def)             Requested size: 14.26958pt x 11.0pt.
File: cdt/images/usecase.png Graphic file (type png)
<use cdt/images/usecase.png>
Package pdftex.def Info: cdt/images/usecase.png  used on input line 422.
(pdftex.def)             Requested size: 16.40865pt x 11.0pt.
File: cdt/images/usecase.png Graphic file (type png)
<use cdt/images/usecase.png>
Package pdftex.def Info: cdt/images/usecase.png  used on input line 423.
(pdftex.def)             Requested size: 16.40865pt x 11.0pt.
File: cdt/images/cuRule.png Graphic file (type png)
<use cdt/images/cuRule.png>
Package pdftex.def Info: cdt/images/cuRule.png  used on input line 430.
(pdftex.def)             Requested size: 550.53545pt x 33.9985pt.

Overfull \hbox (60.09056pt too wide) in paragraph at lines 430--430
 []\OT1/txss/m/n/10 '''[][] 
 []


Overfull \hbox (0.98582pt too wide) in paragraph at lines 453--453
[]|[]\OT1/txss/b/n/10 '''Precondiciones:| 
 []


Overfull \hbox (5.8783pt too wide) in paragraph at lines 456--456
[]|[]\OT1/txss/b/n/10 '''Postcondiciones:| 
 []

File: cdt/images/actor.png Graphic file (type png)
<use cdt/images/actor.png>
Package pdftex.def Info: cdt/images/actor.png  used on input line 467.
(pdftex.def)             Requested size: 14.26958pt x 11.0pt.
File: cdt/images/usecase.png Graphic file (type png)
<use cdt/images/usecase.png>
Package pdftex.def Info: cdt/images/usecase.png  used on input line 468.
(pdftex.def)             Requested size: 16.40865pt x 11.0pt.
File: cdt/images/actor.png Graphic file (type png)
<use cdt/images/actor.png>
Package pdftex.def Info: cdt/images/actor.png  used on input line 469.
(pdftex.def)             Requested size: 14.26958pt x 11.0pt.
File: cdt/images/usecase.png Graphic file (type png)
<use cdt/images/usecase.png>
Package pdftex.def Info: cdt/images/usecase.png  used on input line 470.
(pdftex.def)             Requested size: 16.40865pt x 11.0pt.
File: cdt/images/usecase.png Graphic file (type png)
<use cdt/images/usecase.png>
Package pdftex.def Info: cdt/images/usecase.png  used on input line 471.
(pdftex.def)             Requested size: 16.40865pt x 11.0pt.
File: cdt/images/usecase.png Graphic file (type png)
<use cdt/images/usecase.png>
Package pdftex.def Info: cdt/images/usecase.png  used on input line 472.
(pdftex.def)             Requested size: 16.40865pt x 11.0pt.
File: cdt/images/cuRule.png Graphic file (type png)
<use cdt/images/cuRule.png>
Package pdftex.def Info: cdt/images/cuRule.png  used on input line 479.
(pdftex.def)             Requested size: 550.53545pt x 33.9985pt.

Overfull \hbox (60.09056pt too wide) in paragraph at lines 479--479
 []\OT1/txss/m/n/10 '''[][] 
 []

File: cdt/images/iu.png Graphic file (type png)
<use cdt/images/iu.png>
Package pdftex.def Info: cdt/images/iu.png  used on input line 503.
(pdftex.def)             Requested size: 11.09076pt x 10.0pt.

Overfull \hbox (0.98582pt too wide) in paragraph at lines 507--507
[]|[]\OT1/txss/b/n/10 '''Precondiciones:| 
 []


Overfull \hbox (5.8783pt too wide) in paragraph at lines 512--512
[]|[]\OT1/txss/b/n/10 '''Postcondiciones:| 
 []


LaTeX Warning: Reference `CU-09.ingresaDatos' on page 41 undefined on input lin
e 516.


LaTeX Warning: Reference `CU-09.ingresaDatos' on page 41 undefined on input lin
e 516.

File: cdt/images/actor.png Graphic file (type png)
<use cdt/images/actor.png>
Package pdftex.def Info: cdt/images/actor.png  used on input line 524.
(pdftex.def)             Requested size: 14.26958pt x 11.0pt.
File: cdt/images/usecase.png Graphic file (type png)
<use cdt/images/usecase.png>
Package pdftex.def Info: cdt/images/usecase.png  used on input line 525.
(pdftex.def)             Requested size: 16.40865pt x 11.0pt.
File: cdt/images/iu.png Graphic file (type png)
<use cdt/images/iu.png>
Package pdftex.def Info: cdt/images/iu.png  used on input line 525.
(pdftex.def)             Requested size: 11.09076pt x 10.0pt.
File: cdt/images/actor.png Graphic file (type png)
<use cdt/images/actor.png>
Package pdftex.def Info: cdt/images/actor.png  used on input line 526.
(pdftex.def)             Requested size: 14.26958pt x 11.0pt.
File: cdt/images/usecase.png Graphic file (type png)
<use cdt/images/usecase.png>
Package pdftex.def Info: cdt/images/usecase.png  used on input line 527.
(pdftex.def)             Requested size: 16.40865pt x 11.0pt.
File: cdt/images/usecase.png Graphic file (type png)
<use cdt/images/usecase.png>
Package pdftex.def Info: cdt/images/usecase.png  used on input line 528.
(pdftex.def)             Requested size: 16.40865pt x 11.0pt.
File: cdt/images/usecase.png Graphic file (type png)
<use cdt/images/usecase.png>
Package pdftex.def Info: cdt/images/usecase.png  used on input line 529.
(pdftex.def)             Requested size: 16.40865pt x 11.0pt.
File: cdt/images/usecase.png Graphic file (type png)
<use cdt/images/usecase.png>
Package pdftex.def Info: cdt/images/usecase.png  used on input line 530.
(pdftex.def)             Requested size: 16.40865pt x 11.0pt.
File: cdt/images/cuRule.png Graphic file (type png)
<use cdt/images/cuRule.png>
Package pdftex.def Info: cdt/images/cuRule.png  used on input line 536.
(pdftex.def)             Requested size: 550.53545pt x 33.9985pt.

Overfull \hbox (60.09056pt too wide) in paragraph at lines 536--536
 []\OT1/txss/m/n/10 '''[][] 
 []

File: cdt/images/iu.png Graphic file (type png)
<use cdt/images/iu.png>
Package pdftex.def Info: cdt/images/iu.png  used on input line 562.
(pdftex.def)             Requested size: 11.09076pt x 10.0pt.

Overfull \hbox (0.98582pt too wide) in paragraph at lines 566--566
[]|[]\OT1/txss/b/n/10 '''Precondiciones:| 
 []


Overfull \hbox (5.8783pt too wide) in paragraph at lines 569--569
[]|[]\OT1/txss/b/n/10 '''Postcondiciones:| 
 []


LaTeX Warning: Reference `CU-10.selecciona' on page 41 undefined on input line 
573.

File: cdt/images/actor.png Graphic file (type png)
<use cdt/images/actor.png>
Package pdftex.def Info: cdt/images/actor.png  used on input line 581.
(pdftex.def)             Requested size: 14.26958pt x 11.0pt.
File: cdt/images/usecase.png Graphic file (type png)
<use cdt/images/usecase.png>
Package pdftex.def Info: cdt/images/usecase.png  used on input line 582.
(pdftex.def)             Requested size: 16.40865pt x 11.0pt.
File: cdt/images/iu.png Graphic file (type png)
<use cdt/images/iu.png>
Package pdftex.def Info: cdt/images/iu.png  used on input line 582.
(pdftex.def)             Requested size: 11.09076pt x 10.0pt.
File: cdt/images/actor.png Graphic file (type png)
<use cdt/images/actor.png>
Package pdftex.def Info: cdt/images/actor.png  used on input line 583.
(pdftex.def)             Requested size: 14.26958pt x 11.0pt.
File: cdt/images/usecase.png Graphic file (type png)
<use cdt/images/usecase.png>
Package pdftex.def Info: cdt/images/usecase.png  used on input line 584.
(pdftex.def)             Requested size: 16.40865pt x 11.0pt.
File: cdt/images/usecase.png Graphic file (type png)
<use cdt/images/usecase.png>
Package pdftex.def Info: cdt/images/usecase.png  used on input line 585.
(pdftex.def)             Requested size: 16.40865pt x 11.0pt.
File: cdt/images/iu.png Graphic file (type png)
<use cdt/images/iu.png>
Package pdftex.def Info: cdt/images/iu.png  used on input line 585.
(pdftex.def)             Requested size: 11.09076pt x 10.0pt.
File: cdt/images/cuRule.png Graphic file (type png)
<use cdt/images/cuRule.png>
Package pdftex.def Info: cdt/images/cuRule.png  used on input line 591.
(pdftex.def)             Requested size: 550.53545pt x 33.9985pt.

Overfull \hbox (60.09056pt too wide) in paragraph at lines 591--591
 []\OT1/txss/m/n/10 '''[][] 
 []

File: cdt/images/iu.png Graphic file (type png)
<use cdt/images/iu.png>
Package pdftex.def Info: cdt/images/iu.png  used on input line 619.
(pdftex.def)             Requested size: 11.09076pt x 10.0pt.

Overfull \hbox (0.98582pt too wide) in paragraph at lines 624--624
[]|[]\OT1/txss/b/n/10 '''Precondiciones:| 
 []


Overfull \hbox (5.8783pt too wide) in paragraph at lines 629--629
[]|[]\OT1/txss/b/n/10 '''Postcondiciones:| 
 []


LaTeX Warning: Reference `CU-11.modificaDatos' on page 41 undefined on input li
ne 634.


LaTeX Warning: Reference `CU-11.modificaDatos' on page 41 undefined on input li
ne 634.


LaTeX Warning: Reference `CU-11.modificaDatos' on page 41 undefined on input li
ne 634.

File: cdt/images/actor.png Graphic file (type png)
<use cdt/images/actor.png>
Package pdftex.def Info: cdt/images/actor.png  used on input line 642.
(pdftex.def)             Requested size: 14.26958pt x 11.0pt.
File: cdt/images/iu.png Graphic file (type png)
<use cdt/images/iu.png>
Package pdftex.def Info: cdt/images/iu.png  used on input line 642.
(pdftex.def)             Requested size: 11.09076pt x 10.0pt.
File: cdt/images/usecase.png Graphic file (type png)
<use cdt/images/usecase.png>
Package pdftex.def Info: cdt/images/usecase.png  used on input line 643.
(pdftex.def)             Requested size: 16.40865pt x 11.0pt.
File: cdt/images/iu.png Graphic file (type png)
<use cdt/images/iu.png>
Package pdftex.def Info: cdt/images/iu.png  used on input line 643.
(pdftex.def)             Requested size: 11.09076pt x 10.0pt.
File: cdt/images/actor.png Graphic file (type png)
<use cdt/images/actor.png>
Package pdftex.def Info: cdt/images/actor.png  used on input line 644.
(pdftex.def)             Requested size: 14.26958pt x 11.0pt.
File: cdt/images/usecase.png Graphic file (type png)
<use cdt/images/usecase.png>
Package pdftex.def Info: cdt/images/usecase.png  used on input line 645.
(pdftex.def)             Requested size: 16.40865pt x 11.0pt.
File: cdt/images/usecase.png Graphic file (type png)
<use cdt/images/usecase.png>
Package pdftex.def Info: cdt/images/usecase.png  used on input line 646.
(pdftex.def)             Requested size: 16.40865pt x 11.0pt.
File: cdt/images/usecase.png Graphic file (type png)
<use cdt/images/usecase.png>
Package pdftex.def Info: cdt/images/usecase.png  used on input line 647.
(pdftex.def)             Requested size: 16.40865pt x 11.0pt.
File: cdt/images/usecase.png Graphic file (type png)
<use cdt/images/usecase.png>
Package pdftex.def Info: cdt/images/usecase.png  used on input line 648.
(pdftex.def)             Requested size: 16.40865pt x 11.0pt.
File: cdt/images/usecase.png Graphic file (type png)
<use cdt/images/usecase.png>
Package pdftex.def Info: cdt/images/usecase.png  used on input line 649.
(pdftex.def)             Requested size: 16.40865pt x 11.0pt.
File: cdt/images/cuRule.png Graphic file (type png)
<use cdt/images/cuRule.png>
Package pdftex.def Info: cdt/images/cuRule.png  used on input line 655.
(pdftex.def)             Requested size: 550.53545pt x 33.9985pt.

Overfull \hbox (60.09056pt too wide) in paragraph at lines 655--655
 []\OT1/txss/m/n/10 '''[][] 
 []

File: cdt/images/iu.png Graphic file (type png)
<use cdt/images/iu.png>
Package pdftex.def Info: cdt/images/iu.png  used on input line 680.
(pdftex.def)             Requested size: 11.09076pt x 10.0pt.

Overfull \hbox (0.98582pt too wide) in paragraph at lines 685--685
[]|[]\OT1/txss/b/n/10 '''Precondiciones:| 
 []


Overfull \hbox (5.8783pt too wide) in paragraph at lines 689--689
[]|[]\OT1/txss/b/n/10 '''Postcondiciones:| 
 []


LaTeX Warning: Reference `CU-12.selecciona' on page 41 undefined on input line 
694.


LaTeX Warning: Reference `CU-12.selecciona' on page 41 undefined on input line 
694.


LaTeX Warning: Reference `CU-12.selecciona' on page 41 undefined on input line 
694.

File: cdt/images/actor.png Graphic file (type png)
<use cdt/images/actor.png>
Package pdftex.def Info: cdt/images/actor.png  used on input line 702.
(pdftex.def)             Requested size: 14.26958pt x 11.0pt.
File: cdt/images/usecase.png Graphic file (type png)
<use cdt/images/usecase.png>
Package pdftex.def Info: cdt/images/usecase.png  used on input line 703.
(pdftex.def)             Requested size: 16.40865pt x 11.0pt.
File: cdt/images/iu.png Graphic file (type png)
<use cdt/images/iu.png>
Package pdftex.def Info: cdt/images/iu.png  used on input line 703.
(pdftex.def)             Requested size: 11.09076pt x 10.0pt.
File: cdt/images/actor.png Graphic file (type png)
<use cdt/images/actor.png>
Package pdftex.def Info: cdt/images/actor.png  used on input line 704.
(pdftex.def)             Requested size: 14.26958pt x 11.0pt.
File: cdt/images/usecase.png Graphic file (type png)
<use cdt/images/usecase.png>
Package pdftex.def Info: cdt/images/usecase.png  used on input line 705.
(pdftex.def)             Requested size: 16.40865pt x 11.0pt.
File: cdt/images/usecase.png Graphic file (type png)
<use cdt/images/usecase.png>
Package pdftex.def Info: cdt/images/usecase.png  used on input line 706.
(pdftex.def)             Requested size: 16.40865pt x 11.0pt.
File: cdt/images/usecase.png Graphic file (type png)
<use cdt/images/usecase.png>
Package pdftex.def Info: cdt/images/usecase.png  used on input line 707.
(pdftex.def)             Requested size: 16.40865pt x 11.0pt.
File: cdt/images/cuRule.png Graphic file (type png)
<use cdt/images/cuRule.png>
Package pdftex.def Info: cdt/images/cuRule.png  used on input line 713.
(pdftex.def)             Requested size: 550.53545pt x 33.9985pt.

Overfull \hbox (60.09056pt too wide) in paragraph at lines 713--713
 []\OT1/txss/m/n/10 '''[][] 
 []

File: cdt/images/iu.png Graphic file (type png)
<use cdt/images/iu.png>
Package pdftex.def Info: cdt/images/iu.png  used on input line 751.
(pdftex.def)             Requested size: 11.09076pt x 10.0pt.

Overfull \hbox (0.98582pt too wide) in paragraph at lines 755--755
[]|[]\OT1/txss/b/n/10 '''Precondiciones:| 
 []


Overfull \hbox (5.8783pt too wide) in paragraph at lines 761--761
[]|[]\OT1/txss/b/n/10 '''Postcondiciones:| 
 []


LaTeX Warning: Reference `CU-13.ingresaDatos' on page 41 undefined on input lin
e 767.


LaTeX Warning: Reference `CU-13.ingresaDatos' on page 41 undefined on input lin
e 767.


LaTeX Warning: Reference `CU-13.ingresaDatos' on page 41 undefined on input lin
e 767.


LaTeX Warning: Reference `CU-13.ingresaDatos' on page 41 undefined on input lin
e 767.

File: cdt/images/actor.png Graphic file (type png)
<use cdt/images/actor.png>
Package pdftex.def Info: cdt/images/actor.png  used on input line 775.
(pdftex.def)             Requested size: 14.26958pt x 11.0pt.
File: cdt/images/usecase.png Graphic file (type png)
<use cdt/images/usecase.png>
Package pdftex.def Info: cdt/images/usecase.png  used on input line 776.
(pdftex.def)             Requested size: 16.40865pt x 11.0pt.
File: cdt/images/iu.png Graphic file (type png)
<use cdt/images/iu.png>
Package pdftex.def Info: cdt/images/iu.png  used on input line 776.
(pdftex.def)             Requested size: 11.09076pt x 10.0pt.
File: cdt/images/actor.png Graphic file (type png)
<use cdt/images/actor.png>
Package pdftex.def Info: cdt/images/actor.png  used on input line 777.
(pdftex.def)             Requested size: 14.26958pt x 11.0pt.
File: cdt/images/usecase.png Graphic file (type png)
<use cdt/images/usecase.png>
Package pdftex.def Info: cdt/images/usecase.png  used on input line 778.
(pdftex.def)             Requested size: 16.40865pt x 11.0pt.
File: cdt/images/usecase.png Graphic file (type png)
<use cdt/images/usecase.png>
Package pdftex.def Info: cdt/images/usecase.png  used on input line 779.
(pdftex.def)             Requested size: 16.40865pt x 11.0pt.
File: cdt/images/usecase.png Graphic file (type png)
<use cdt/images/usecase.png>
Package pdftex.def Info: cdt/images/usecase.png  used on input line 780.
(pdftex.def)             Requested size: 16.40865pt x 11.0pt.
File: cdt/images/usecase.png Graphic file (type png)
<use cdt/images/usecase.png>
Package pdftex.def Info: cdt/images/usecase.png  used on input line 781.
(pdftex.def)             Requested size: 16.40865pt x 11.0pt.
File: cdt/images/usecase.png Graphic file (type png)
<use cdt/images/usecase.png>
Package pdftex.def Info: cdt/images/usecase.png  used on input line 782.
(pdftex.def)             Requested size: 16.40865pt x 11.0pt.
File: cdt/images/usecase.png Graphic file (type png)
<use cdt/images/usecase.png>
Package pdftex.def Info: cdt/images/usecase.png  used on input line 783.
(pdftex.def)             Requested size: 16.40865pt x 11.0pt.
File: cdt/images/usecase.png Graphic file (type png)
<use cdt/images/usecase.png>
Package pdftex.def Info: cdt/images/usecase.png  used on input line 784.
(pdftex.def)             Requested size: 16.40865pt x 11.0pt.
File: cdt/images/cuRule.png Graphic file (type png)
<use cdt/images/cuRule.png>
Package pdftex.def Info: cdt/images/cuRule.png  used on input line 790.
(pdftex.def)             Requested size: 550.53545pt x 33.9985pt.

Overfull \hbox (60.09056pt too wide) in paragraph at lines 790--790
 []\OT1/txss/m/n/10 '''[][] 
 []

File: cdt/images/iu.png Graphic file (type png)
<use cdt/images/iu.png>
Package pdftex.def Info: cdt/images/iu.png  used on input line 816.
(pdftex.def)             Requested size: 11.09076pt x 10.0pt.

Overfull \hbox (0.98582pt too wide) in paragraph at lines 820--820
[]|[]\OT1/txss/b/n/10 '''Precondiciones:| 
 []


Overfull \hbox (5.8783pt too wide) in paragraph at lines 823--823
[]|[]\OT1/txss/b/n/10 '''Postcondiciones:| 
 []


LaTeX Warning: Reference `CU-14.busca' on page 41 undefined on input line 827.

File: cdt/images/actor.png Graphic file (type png)
<use cdt/images/actor.png>
Package pdftex.def Info: cdt/images/actor.png  used on input line 835.
(pdftex.def)             Requested size: 14.26958pt x 11.0pt.
File: cdt/images/usecase.png Graphic file (type png)
<use cdt/images/usecase.png>
Package pdftex.def Info: cdt/images/usecase.png  used on input line 836.
(pdftex.def)             Requested size: 16.40865pt x 11.0pt.
File: cdt/images/iu.png Graphic file (type png)
<use cdt/images/iu.png>
Package pdftex.def Info: cdt/images/iu.png  used on input line 836.
(pdftex.def)             Requested size: 11.09076pt x 10.0pt.
File: cdt/images/actor.png Graphic file (type png)
<use cdt/images/actor.png>
Package pdftex.def Info: cdt/images/actor.png  used on input line 837.
(pdftex.def)             Requested size: 14.26958pt x 11.0pt.
File: cdt/images/usecase.png Graphic file (type png)
<use cdt/images/usecase.png>
Package pdftex.def Info: cdt/images/usecase.png  used on input line 838.
(pdftex.def)             Requested size: 16.40865pt x 11.0pt.

Underfull \hbox (badness 1817) in paragraph at lines 838--839
[][]\OT1/txss/m/n/10 '''[] Re-cu-pe-ra de las ta-blas [][]nna[][], [][]di-rec-c
io-nes[]nna[][], [][]tu-to-res[][], [][]nna[]enfermedades[][], [][]nna[]discapa
cidades[][] y
 []

File: cdt/images/usecase.png Graphic file (type png)
<use cdt/images/usecase.png>
Package pdftex.def Info: cdt/images/usecase.png  used on input line 839.
(pdftex.def)             Requested size: 16.40865pt x 11.0pt.
File: cdt/images/iu.png Graphic file (type png)
<use cdt/images/iu.png>
Package pdftex.def Info: cdt/images/iu.png  used on input line 839.
(pdftex.def)             Requested size: 11.09076pt x 10.0pt.
File: cdt/images/cuRule.png Graphic file (type png)
<use cdt/images/cuRule.png>
Package pdftex.def Info: cdt/images/cuRule.png  used on input line 847.
(pdftex.def)             Requested size: 550.53545pt x 33.9985pt.

Overfull \hbox (60.09056pt too wide) in paragraph at lines 847--847
 []\OT1/txss/m/n/10 '''[][] 
 []

File: cdt/images/iu.png Graphic file (type png)
<use cdt/images/iu.png>
Package pdftex.def Info: cdt/images/iu.png  used on input line 871.
(pdftex.def)             Requested size: 11.09076pt x 10.0pt.

Overfull \hbox (0.98582pt too wide) in paragraph at lines 875--875
[]|[]\OT1/txss/b/n/10 '''Precondiciones:| 
 []


Overfull \hbox (5.8783pt too wide) in paragraph at lines 878--878
[]|[]\OT1/txss/b/n/10 '''Postcondiciones:| 
 []


LaTeX Warning: Reference `CU-15.modifica' on page 41 undefined on input line 88
3.


LaTeX Warning: Reference `CU-15.modifica' on page 41 undefined on input line 88
3.


LaTeX Warning: Reference `CU-15.modifica' on page 41 undefined on input line 88
3.

File: cdt/images/actor.png Graphic file (type png)
<use cdt/images/actor.png>
Package pdftex.def Info: cdt/images/actor.png  used on input line 891.
(pdftex.def)             Requested size: 14.26958pt x 11.0pt.
File: cdt/images/iu.png Graphic file (type png)
<use cdt/images/iu.png>
Package pdftex.def Info: cdt/images/iu.png  used on input line 891.
(pdftex.def)             Requested size: 11.09076pt x 10.0pt.
File: cdt/images/usecase.png Graphic file (type png)
<use cdt/images/usecase.png>
Package pdftex.def Info: cdt/images/usecase.png  used on input line 892.
(pdftex.def)             Requested size: 16.40865pt x 11.0pt.
File: cdt/images/iu.png Graphic file (type png)
<use cdt/images/iu.png>
Package pdftex.def Info: cdt/images/iu.png  used on input line 892.
(pdftex.def)             Requested size: 11.09076pt x 10.0pt.
File: cdt/images/actor.png Graphic file (type png)
<use cdt/images/actor.png>
Package pdftex.def Info: cdt/images/actor.png  used on input line 893.
(pdftex.def)             Requested size: 14.26958pt x 11.0pt.
File: cdt/images/usecase.png Graphic file (type png)
<use cdt/images/usecase.png>
Package pdftex.def Info: cdt/images/usecase.png  used on input line 894.
(pdftex.def)             Requested size: 16.40865pt x 11.0pt.
File: cdt/images/usecase.png Graphic file (type png)
<use cdt/images/usecase.png>
Package pdftex.def Info: cdt/images/usecase.png  used on input line 895.
(pdftex.def)             Requested size: 16.40865pt x 11.0pt.
File: cdt/images/usecase.png Graphic file (type png)
<use cdt/images/usecase.png>
Package pdftex.def Info: cdt/images/usecase.png  used on input line 896.
(pdftex.def)             Requested size: 16.40865pt x 11.0pt.
File: cdt/images/usecase.png Graphic file (type png)
<use cdt/images/usecase.png>
Package pdftex.def Info: cdt/images/usecase.png  used on input line 897.
(pdftex.def)             Requested size: 16.40865pt x 11.0pt.
File: cdt/images/usecase.png Graphic file (type png)
<use cdt/images/usecase.png>
Package pdftex.def Info: cdt/images/usecase.png  used on input line 898.
(pdftex.def)             Requested size: 16.40865pt x 11.0pt.
File: cdt/images/cuRule.png Graphic file (type png)
<use cdt/images/cuRule.png>
Package pdftex.def Info: cdt/images/cuRule.png  used on input line 911.
(pdftex.def)             Requested size: 550.53545pt x 33.9985pt.

Overfull \hbox (60.09056pt too wide) in paragraph at lines 911--911
 []\OT1/txss/m/n/10 '''[][] 
 []

File: cdt/images/iu.png Graphic file (type png)
<use cdt/images/iu.png>
Package pdftex.def Info: cdt/images/iu.png  used on input line 945.
(pdftex.def)             Requested size: 11.09076pt x 10.0pt.

Overfull \hbox (0.98582pt too wide) in paragraph at lines 948--948
[]|[]\OT1/txss/b/n/10 '''Precondiciones:| 
 []


Overfull \hbox (5.8783pt too wide) in paragraph at lines 953--953
[]|[]\OT1/txss/b/n/10 '''Postcondiciones:| 
 []


LaTeX Warning: Reference `CU-18.ingresaDatos' on page 41 undefined on input lin
e 958.


LaTeX Warning: Reference `CU-18.ingresaDatos' on page 41 undefined on input lin
e 958.


LaTeX Warning: Reference `CU-18.ingresaDatos' on page 41 undefined on input lin
e 958.

File: cdt/images/actor.png Graphic file (type png)
<use cdt/images/actor.png>
Package pdftex.def Info: cdt/images/actor.png  used on input line 966.
(pdftex.def)             Requested size: 14.26958pt x 11.0pt.
File: cdt/images/usecase.png Graphic file (type png)
<use cdt/images/usecase.png>
Package pdftex.def Info: cdt/images/usecase.png  used on input line 967.
(pdftex.def)             Requested size: 16.40865pt x 11.0pt.
File: cdt/images/iu.png Graphic file (type png)
<use cdt/images/iu.png>
Package pdftex.def Info: cdt/images/iu.png  used on input line 967.
(pdftex.def)             Requested size: 11.09076pt x 10.0pt.
File: cdt/images/actor.png Graphic file (type png)
<use cdt/images/actor.png>
Package pdftex.def Info: cdt/images/actor.png  used on input line 968.
(pdftex.def)             Requested size: 14.26958pt x 11.0pt.
File: cdt/images/usecase.png Graphic file (type png)
<use cdt/images/usecase.png>
Package pdftex.def Info: cdt/images/usecase.png  used on input line 969.
(pdftex.def)             Requested size: 16.40865pt x 11.0pt.
File: cdt/images/usecase.png Graphic file (type png)
<use cdt/images/usecase.png>
Package pdftex.def Info: cdt/images/usecase.png  used on input line 970.
(pdftex.def)             Requested size: 16.40865pt x 11.0pt.
File: cdt/images/usecase.png Graphic file (type png)
<use cdt/images/usecase.png>
Package pdftex.def Info: cdt/images/usecase.png  used on input line 971.
(pdftex.def)             Requested size: 16.40865pt x 11.0pt.
File: cdt/images/usecase.png Graphic file (type png)
<use cdt/images/usecase.png>
Package pdftex.def Info: cdt/images/usecase.png  used on input line 972.
(pdftex.def)             Requested size: 16.40865pt x 11.0pt.
File: cdt/images/usecase.png Graphic file (type png)
<use cdt/images/usecase.png>
Package pdftex.def Info: cdt/images/usecase.png  used on input line 973.
(pdftex.def)             Requested size: 16.40865pt x 11.0pt.
File: cdt/images/usecase.png Graphic file (type png)
<use cdt/images/usecase.png>
Package pdftex.def Info: cdt/images/usecase.png  used on input line 974.
(pdftex.def)             Requested size: 16.40865pt x 11.0pt.
File: cdt/images/cuRule.png Graphic file (type png)
<use cdt/images/cuRule.png>
Package pdftex.def Info: cdt/images/cuRule.png  used on input line 982.
(pdftex.def)             Requested size: 550.53545pt x 33.9985pt.

Overfull \hbox (60.09056pt too wide) in paragraph at lines 982--982
 []\OT1/txss/m/n/10 '''[][] 
 []

File: cdt/images/iu.png Graphic file (type png)
<use cdt/images/iu.png>
Package pdftex.def Info: cdt/images/iu.png  used on input line 1005.
(pdftex.def)             Requested size: 11.09076pt x 10.0pt.

Overfull \hbox (0.98582pt too wide) in paragraph at lines 1009--1009
[]|[]\OT1/txss/b/n/10 '''Precondiciones:| 
 []


Overfull \hbox (5.8783pt too wide) in paragraph at lines 1012--1012
[]|[]\OT1/txss/b/n/10 '''Postcondiciones:| 
 []


LaTeX Warning: Reference `CU-19.modifica' on page 41 undefined on input line 10
17.


LaTeX Warning: Reference `CU-19.modifica' on page 41 undefined on input line 10
17.


LaTeX Warning: Reference `CU-19.modifica' on page 41 undefined on input line 10
17.

File: cdt/images/actor.png Graphic file (type png)
<use cdt/images/actor.png>
Package pdftex.def Info: cdt/images/actor.png  used on input line 1025.
(pdftex.def)             Requested size: 14.26958pt x 11.0pt.
File: cdt/images/usecase.png Graphic file (type png)
<use cdt/images/usecase.png>
Package pdftex.def Info: cdt/images/usecase.png  used on input line 1026.
(pdftex.def)             Requested size: 16.40865pt x 11.0pt.
File: cdt/images/iu.png Graphic file (type png)
<use cdt/images/iu.png>
Package pdftex.def Info: cdt/images/iu.png  used on input line 1026.
(pdftex.def)             Requested size: 11.09076pt x 10.0pt.
File: cdt/images/actor.png Graphic file (type png)
<use cdt/images/actor.png>
Package pdftex.def Info: cdt/images/actor.png  used on input line 1027.
(pdftex.def)             Requested size: 14.26958pt x 11.0pt.
File: cdt/images/usecase.png Graphic file (type png)
<use cdt/images/usecase.png>
Package pdftex.def Info: cdt/images/usecase.png  used on input line 1028.
(pdftex.def)             Requested size: 16.40865pt x 11.0pt.
File: cdt/images/usecase.png Graphic file (type png)
<use cdt/images/usecase.png>
Package pdftex.def Info: cdt/images/usecase.png  used on input line 1029.
(pdftex.def)             Requested size: 16.40865pt x 11.0pt.
File: cdt/images/usecase.png Graphic file (type png)
<use cdt/images/usecase.png>
Package pdftex.def Info: cdt/images/usecase.png  used on input line 1030.
(pdftex.def)             Requested size: 16.40865pt x 11.0pt.
File: cdt/images/usecase.png Graphic file (type png)
<use cdt/images/usecase.png>
Package pdftex.def Info: cdt/images/usecase.png  used on input line 1031.
(pdftex.def)             Requested size: 16.40865pt x 11.0pt.
File: cdt/images/usecase.png Graphic file (type png)
<use cdt/images/usecase.png>
Package pdftex.def Info: cdt/images/usecase.png  used on input line 1032.
(pdftex.def)             Requested size: 16.40865pt x 11.0pt.
File: cdt/images/cuRule.png Graphic file (type png)
<use cdt/images/cuRule.png>
Package pdftex.def Info: cdt/images/cuRule.png  used on input line 1041.
(pdftex.def)             Requested size: 550.53545pt x 33.9985pt.

Overfull \hbox (60.09056pt too wide) in paragraph at lines 1041--1041
 []\OT1/txss/m/n/10 '''[][] 
 []


Overfull \hbox (0.98582pt too wide) in paragraph at lines 1064--1064
[]|[]\OT1/txss/b/n/10 '''Precondiciones:| 
 []


Overfull \hbox (5.8783pt too wide) in paragraph at lines 1067--1067
[]|[]\OT1/txss/b/n/10 '''Postcondiciones:| 
 []

File: cdt/images/actor.png Graphic file (type png)
<use cdt/images/actor.png>
Package pdftex.def Info: cdt/images/actor.png  used on input line 1078.
(pdftex.def)             Requested size: 14.26958pt x 11.0pt.
File: cdt/images/usecase.png Graphic file (type png)
<use cdt/images/usecase.png>
Package pdftex.def Info: cdt/images/usecase.png  used on input line 1079.
(pdftex.def)             Requested size: 16.40865pt x 11.0pt.
File: cdt/images/usecase.png Graphic file (type png)
<use cdt/images/usecase.png>
Package pdftex.def Info: cdt/images/usecase.png  used on input line 1080.
(pdftex.def)             Requested size: 16.40865pt x 11.0pt.
File: cdt/images/actor.png Graphic file (type png)
<use cdt/images/actor.png>
Package pdftex.def Info: cdt/images/actor.png  used on input line 1081.
(pdftex.def)             Requested size: 14.26958pt x 11.0pt.
File: cdt/images/usecase.png Graphic file (type png)
<use cdt/images/usecase.png>
Package pdftex.def Info: cdt/images/usecase.png  used on input line 1082.
(pdftex.def)             Requested size: 16.40865pt x 11.0pt.
File: cdt/images/cuRule.png Graphic file (type png)
<use cdt/images/cuRule.png>
Package pdftex.def Info: cdt/images/cuRule.png  used on input line 1089.
(pdftex.def)             Requested size: 550.53545pt x 33.9985pt.

Overfull \hbox (60.09056pt too wide) in paragraph at lines 1089--1089
 []\OT1/txss/m/n/10 '''[][] 
 []

File: cdt/images/iu.png Graphic file (type png)
<use cdt/images/iu.png>
Package pdftex.def Info: cdt/images/iu.png  used on input line 1110.
(pdftex.def)             Requested size: 11.09076pt x 10.0pt.

Overfull \hbox (0.98582pt too wide) in paragraph at lines 1113--1113
[]|[]\OT1/txss/b/n/10 '''Precondiciones:| 
 []


Overfull \hbox (5.8783pt too wide) in paragraph at lines 1116--1116
[]|[]\OT1/txss/b/n/10 '''Postcondiciones:| 
 []

File: cdt/images/actor.png Graphic file (type png)
<use cdt/images/actor.png>
Package pdftex.def Info: cdt/images/actor.png  used on input line 1127.
(pdftex.def)             Requested size: 14.26958pt x 11.0pt.
File: cdt/images/usecase.png Graphic file (type png)
<use cdt/images/usecase.png>
Package pdftex.def Info: cdt/images/usecase.png  used on input line 1128.
(pdftex.def)             Requested size: 16.40865pt x 11.0pt.
File: cdt/images/usecase.png Graphic file (type png)
<use cdt/images/usecase.png>
Package pdftex.def Info: cdt/images/usecase.png  used on input line 1129.
(pdftex.def)             Requested size: 16.40865pt x 11.0pt.
File: cdt/images/actor.png Graphic file (type png)
<use cdt/images/actor.png>
Package pdftex.def Info: cdt/images/actor.png  used on input line 1130.
(pdftex.def)             Requested size: 14.26958pt x 11.0pt.
File: cdt/images/cuRule.png Graphic file (type png)
<use cdt/images/cuRule.png>
Package pdftex.def Info: cdt/images/cuRule.png  used on input line 1137.
(pdftex.def)             Requested size: 550.53545pt x 33.9985pt.

Overfull \hbox (60.09056pt too wide) in paragraph at lines 1137--1137
 []\OT1/txss/m/n/10 '''[][] 
 []

File: cdt/images/iu.png Graphic file (type png)
<use cdt/images/iu.png>
Package pdftex.def Info: cdt/images/iu.png  used on input line 1160.
(pdftex.def)             Requested size: 11.09076pt x 10.0pt.

Overfull \hbox (0.98582pt too wide) in paragraph at lines 1163--1163
[]|[]\OT1/txss/b/n/10 '''Precondiciones:| 
 []


Overfull \hbox (5.8783pt too wide) in paragraph at lines 1166--1166
[]|[]\OT1/txss/b/n/10 '''Postcondiciones:| 
 []

File: cdt/images/actor.png Graphic file (type png)
<use cdt/images/actor.png>
Package pdftex.def Info: cdt/images/actor.png  used on input line 1177.
(pdftex.def)             Requested size: 14.26958pt x 11.0pt.
File: cdt/images/usecase.png Graphic file (type png)
<use cdt/images/usecase.png>
Package pdftex.def Info: cdt/images/usecase.png  used on input line 1178.
(pdftex.def)             Requested size: 16.40865pt x 11.0pt.
File: cdt/images/actor.png Graphic file (type png)
<use cdt/images/actor.png>
Package pdftex.def Info: cdt/images/actor.png  used on input line 1179.
(pdftex.def)             Requested size: 14.26958pt x 11.0pt.
File: cdt/images/usecase.png Graphic file (type png)
<use cdt/images/usecase.png>
Package pdftex.def Info: cdt/images/usecase.png  used on input line 1180.
(pdftex.def)             Requested size: 16.40865pt x 11.0pt.
File: cdt/images/usecase.png Graphic file (type png)
<use cdt/images/usecase.png>
Package pdftex.def Info: cdt/images/usecase.png  used on input line 1181.
(pdftex.def)             Requested size: 16.40865pt x 11.0pt.
File: cdt/images/usecase.png Graphic file (type png)
<use cdt/images/usecase.png>
Package pdftex.def Info: cdt/images/usecase.png  used on input line 1182.
(pdftex.def)             Requested size: 16.40865pt x 11.0pt.
File: cdt/images/cuRule.png Graphic file (type png)
<use cdt/images/cuRule.png>
Package pdftex.def Info: cdt/images/cuRule.png  used on input line 1192.
(pdftex.def)             Requested size: 550.53545pt x 33.9985pt.

Overfull \hbox (60.09056pt too wide) in paragraph at lines 1192--1192
 []\OT1/txss/m/n/10 '''[][] 
 []


Overfull \hbox (0.98582pt too wide) in paragraph at lines 1216--1216
[]|[]\OT1/txss/b/n/10 '''Precondiciones:| 
 []


Overfull \hbox (5.8783pt too wide) in paragraph at lines 1219--1219
[]|[]\OT1/txss/b/n/10 '''Postcondiciones:| 
 []

File: cdt/images/actor.png Graphic file (type png)
<use cdt/images/actor.png>
Package pdftex.def Info: cdt/images/actor.png  used on input line 1230.
(pdftex.def)             Requested size: 14.26958pt x 11.0pt.
File: cdt/images/usecase.png Graphic file (type png)
<use cdt/images/usecase.png>
Package pdftex.def Info: cdt/images/usecase.png  used on input line 1231.
(pdftex.def)             Requested size: 16.40865pt x 11.0pt.
File: cdt/images/iu.png Graphic file (type png)
<use cdt/images/iu.png>
Package pdftex.def Info: cdt/images/iu.png  used on input line 1231.
(pdftex.def)             Requested size: 11.09076pt x 10.0pt.
File: cdt/images/actor.png Graphic file (type png)
<use cdt/images/actor.png>
Package pdftex.def Info: cdt/images/actor.png  used on input line 1232.
(pdftex.def)             Requested size: 14.26958pt x 11.0pt.
File: cdt/images/usecase.png Graphic file (type png)
<use cdt/images/usecase.png>
Package pdftex.def Info: cdt/images/usecase.png  used on input line 1233.
(pdftex.def)             Requested size: 16.40865pt x 11.0pt.
File: cdt/images/usecase.png Graphic file (type png)
<use cdt/images/usecase.png>
Package pdftex.def Info: cdt/images/usecase.png  used on input line 1234.
(pdftex.def)             Requested size: 16.40865pt x 11.0pt.
File: cdt/images/usecase.png Graphic file (type png)
<use cdt/images/usecase.png>
Package pdftex.def Info: cdt/images/usecase.png  used on input line 1235.
(pdftex.def)             Requested size: 16.40865pt x 11.0pt.
)
\openout2 = `5ModeloDeInteraccion.aux'.

 (5ModeloDeInteraccion.tex
Cap\'{\i }tulo 5.
File: cdt/images/iu.png Graphic file (type png)
<use cdt/images/iu.png>
Package pdftex.def Info: cdt/images/iu.png  used on input line 20.
(pdftex.def)             Requested size: 11.09076pt x 10.0pt.
File: cdt/images/iu.png Graphic file (type png)
<use cdt/images/iu.png>
Package pdftex.def Info: cdt/images/iu.png  used on input line 28.
(pdftex.def)             Requested size: 11.09076pt x 10.0pt.
File: cdt/images/iu.png Graphic file (type png)
<use cdt/images/iu.png>
Package pdftex.def Info: cdt/images/iu.png  used on input line 34.
(pdftex.def)             Requested size: 11.09076pt x 10.0pt.

LaTeX Warning: Reference `fig:mapa' on page 41 undefined on input line 49.


! LaTeX Error: Not in outer par mode.

See the LaTeX manual or LaTeX Companion for explanation.
Type  H <return>  for immediate help.
 ...                                              
                                                  
l.54 \begin{figure}[htbp!]
                          
You've lost some text.  Try typing  <return>  to proceed.
If that doesn't work, type  X <return>  to quit.

File: images/flujo.png Graphic file (type png)
<use images/flujo.png>
Package pdftex.def Info: images/flujo.png  used on input line 56.
(pdftex.def)             Requested size: 475.45825pt x 280.14249pt.
File: cdt/images/iu.png Graphic file (type png)
<use cdt/images/iu.png>
Package pdftex.def Info: cdt/images/iu.png  used on input line 76.
(pdftex.def)             Requested size: 11.09076pt x 10.0pt.
File: cdt/images/iu.png Graphic file (type png)
<use cdt/images/iu.png>
Package pdftex.def Info: cdt/images/iu.png  used on input line 85.
(pdftex.def)             Requested size: 11.09076pt x 10.0pt.
File: cdt/images/iu.png Graphic file (type png)
<use cdt/images/iu.png>
Package pdftex.def Info: cdt/images/iu.png  used on input line 87.
(pdftex.def)             Requested size: 11.09076pt x 10.0pt.

! LaTeX Error: Not in outer par mode.

See the LaTeX manual or LaTeX Companion for explanation.
Type  H <return>  for immediate help.
 ...                                              
                                                  
l.89 ...ion}{IU01}{Pantalla de Inicio de Sesión.}
                                                  
You've lost some text.  Try typing  <return>  to proceed.
If that doesn't work, type  X <return>  to quit.

<images/IU1-IniciarSesion.png, id=1106, 947.79094pt x 567.62062pt>
File: images/IU1-IniciarSesion.png Graphic file (type png)
<use images/IU1-IniciarSesion.png>
Package pdftex.def Info: images/IU1-IniciarSesion.png  used on input line 89.
(pdftex.def)             Requested size: 350.33727pt x 209.80846pt.
File: cdt/images/iu.png Graphic file (type png)
<use cdt/images/iu.png>
Package pdftex.def Info: cdt/images/iu.png  used on input line 95.
(pdftex.def)             Requested size: 11.09076pt x 10.0pt.
File: cdt/images/iu.png Graphic file (type png)
<use cdt/images/iu.png>
Package pdftex.def Info: cdt/images/iu.png  used on input line 120.
(pdftex.def)             Requested size: 11.09076pt x 10.0pt.
File: cdt/images/iu.png Graphic file (type png)
<use cdt/images/iu.png>
Package pdftex.def Info: cdt/images/iu.png  used on input line 140.
(pdftex.def)             Requested size: 11.09076pt x 10.0pt.
File: cdt/images/iu.png Graphic file (type png)
<use cdt/images/iu.png>
Package pdftex.def Info: cdt/images/iu.png  used on input line 142.
(pdftex.def)             Requested size: 11.09076pt x 10.0pt.

! LaTeX Error: Not in outer par mode.

See the LaTeX manual or LaTeX Companion for explanation.
Type  H <return>  for immediate help.
 ...                                              
                                                  
l.150 ...02}{Pantalla del Panel de Administrador.}
                                                  
You've lost some text.  Try typing  <return>  to proceed.
If that doesn't work, type  X <return>  to quit.

<images/DashAdmin.png, id=1115, 1906.87407pt x 438.13687pt>
File: images/DashAdmin.png Graphic file (type png)
<use images/DashAdmin.png>
Package pdftex.def Info: images/DashAdmin.png  used on input line 150.
(pdftex.def)             Requested size: 450.43253pt x 103.49031pt.
File: cdt/images/iu.png Graphic file (type png)
<use cdt/images/iu.png>
Package pdftex.def Info: cdt/images/iu.png  used on input line 166.
(pdftex.def)             Requested size: 11.09076pt x 10.0pt.
File: cdt/images/iu.png Graphic file (type png)
<use cdt/images/iu.png>
Package pdftex.def Info: cdt/images/iu.png  used on input line 171.
(pdftex.def)             Requested size: 11.09076pt x 10.0pt.
File: cdt/images/iu.png Graphic file (type png)
<use cdt/images/iu.png>
Package pdftex.def Info: cdt/images/iu.png  used on input line 176.
(pdftex.def)             Requested size: 11.09076pt x 10.0pt.
File: cdt/images/iu.png Graphic file (type png)
<use cdt/images/iu.png>
Package pdftex.def Info: cdt/images/iu.png  used on input line 181.
(pdftex.def)             Requested size: 11.09076pt x 10.0pt.
File: cdt/images/iu.png Graphic file (type png)
<use cdt/images/iu.png>
Package pdftex.def Info: cdt/images/iu.png  used on input line 186.
(pdftex.def)             Requested size: 11.09076pt x 10.0pt.
File: cdt/images/iu.png Graphic file (type png)
<use cdt/images/iu.png>
Package pdftex.def Info: cdt/images/iu.png  used on input line 202.
(pdftex.def)             Requested size: 11.09076pt x 10.0pt.
File: cdt/images/iu.png Graphic file (type png)
<use cdt/images/iu.png>
Package pdftex.def Info: cdt/images/iu.png  used on input line 204.
(pdftex.def)             Requested size: 11.09076pt x 10.0pt.

! LaTeX Error: Not in outer par mode.

See the LaTeX manual or LaTeX Companion for explanation.
Type  H <return>  for immediate help.
 ...                                              
                                                  
l.213 ...{IU03}{Pantalla de Consulta de Usuarios.}
                                                  
You've lost some text.  Try typing  <return>  to proceed.
If that doesn't work, type  X <return>  to quit.

<images/ListaUsuarios.png, id=1123, 1915.9078pt x 413.29407pt>
File: images/ListaUsuarios.png Graphic file (type png)
<use images/ListaUsuarios.png>
Package pdftex.def Info: images/ListaUsuarios.png  used on input line 213.
(pdftex.def)             Requested size: 450.43253pt x 97.16194pt.
File: cdt/images/iu.png Graphic file (type png)
<use cdt/images/iu.png>
Package pdftex.def Info: cdt/images/iu.png  used on input line 242.
(pdftex.def)             Requested size: 11.09076pt x 10.0pt.
File: cdt/images/iu.png Graphic file (type png)
<use cdt/images/iu.png>
Package pdftex.def Info: cdt/images/iu.png  used on input line 248.
(pdftex.def)             Requested size: 11.09076pt x 10.0pt.
File: cdt/images/iu.png Graphic file (type png)
<use cdt/images/iu.png>
Package pdftex.def Info: cdt/images/iu.png  used on input line 265.
(pdftex.def)             Requested size: 11.09076pt x 10.0pt.
File: cdt/images/iu.png Graphic file (type png)
<use cdt/images/iu.png>
Package pdftex.def Info: cdt/images/iu.png  used on input line 279.
(pdftex.def)             Requested size: 11.09076pt x 10.0pt.
File: cdt/images/iu.png Graphic file (type png)
<use cdt/images/iu.png>
Package pdftex.def Info: cdt/images/iu.png  used on input line 281.
(pdftex.def)             Requested size: 11.09076pt x 10.0pt.

! LaTeX Error: Not in outer par mode.

See the LaTeX manual or LaTeX Companion for explanation.
Type  H <return>  for immediate help.
 ...                                              
                                                  
l.295 ...{IU04}{Pantalla de Registro de Personal.}
                                                  
You've lost some text.  Try typing  <return>  to proceed.
If that doesn't work, type  X <return>  to quit.

<images/RegistroPersonal.png, id=1132, 726.46407pt x 895.09406pt>
File: images/RegistroPersonal.png Graphic file (type png)
<use images/RegistroPersonal.png>
Package pdftex.def Info: images/RegistroPersonal.png  used on input line 295.
(pdftex.def)             Requested size: 450.43253pt x 555.0072pt.
File: cdt/images/iu.png Graphic file (type png)
<use cdt/images/iu.png>
Package pdftex.def Info: cdt/images/iu.png  used on input line 373.
(pdftex.def)             Requested size: 11.09076pt x 10.0pt.
File: cdt/images/iu.png Graphic file (type png)
<use cdt/images/iu.png>
Package pdftex.def Info: cdt/images/iu.png  used on input line 381.
(pdftex.def)             Requested size: 11.09076pt x 10.0pt.
File: cdt/images/iu.png Graphic file (type png)
<use cdt/images/iu.png>
Package pdftex.def Info: cdt/images/iu.png  used on input line 396.
(pdftex.def)             Requested size: 11.09076pt x 10.0pt.
File: cdt/images/iu.png Graphic file (type png)
<use cdt/images/iu.png>
Package pdftex.def Info: cdt/images/iu.png  used on input line 398.
(pdftex.def)             Requested size: 11.09076pt x 10.0pt.
File: cdt/images/iu.png Graphic file (type png)
<use cdt/images/iu.png>
Package pdftex.def Info: cdt/images/iu.png  used on input line 406.
(pdftex.def)             Requested size: 11.09076pt x 10.0pt.

! LaTeX Error: Not in outer par mode.

See the LaTeX manual or LaTeX Companion for explanation.
Type  H <return>  for immediate help.
 ...                                              
                                                  
l.414 ...5}{Pantalla de Modificación de Usuario.}
                                                  
You've lost some text.  Try typing  <return>  to proceed.
If that doesn't work, type  X <return>  to quit.

<images/ModificarUsuario.png, id=1148, 846.91406pt x 922.19531pt>
File: images/ModificarUsuario.png Graphic file (type png)
<use images/ModificarUsuario.png>
Package pdftex.def Info: images/ModificarUsuario.png  used on input line 414.
(pdftex.def)             Requested size: 450.43253pt x 490.46385pt.
File: cdt/images/iu.png Graphic file (type png)
<use cdt/images/iu.png>
Package pdftex.def Info: cdt/images/iu.png  used on input line 495.
(pdftex.def)             Requested size: 11.09076pt x 10.0pt.
File: cdt/images/iu.png Graphic file (type png)
<use cdt/images/iu.png>
Package pdftex.def Info: cdt/images/iu.png  used on input line 505.
(pdftex.def)             Requested size: 11.09076pt x 10.0pt.
File: cdt/images/iu.png Graphic file (type png)
<use cdt/images/iu.png>
Package pdftex.def Info: cdt/images/iu.png  used on input line 520.
(pdftex.def)             Requested size: 11.09076pt x 10.0pt.
File: cdt/images/iu.png Graphic file (type png)
<use cdt/images/iu.png>
Package pdftex.def Info: cdt/images/iu.png  used on input line 522.
(pdftex.def)             Requested size: 11.09076pt x 10.0pt.

! LaTeX Error: Not in outer par mode.

See the LaTeX manual or LaTeX Companion for explanation.
Type  H <return>  for immediate help.
 ...                                              
                                                  
l.540 ...}{IU06}{Pantalla de Consulta de Usuario.}
                                                  
You've lost some text.  Try typing  <return>  to proceed.
If that doesn't work, type  X <return>  to quit.

<images/ConsultaUsaurios.png, id=1163, 1012.5328pt x 843.15pt>
File: images/ConsultaUsaurios.png Graphic file (type png)
<use images/ConsultaUsaurios.png>
Package pdftex.def Info: images/ConsultaUsaurios.png  used on input line 540.
(pdftex.def)             Requested size: 450.43253pt x 375.09122pt.
File: cdt/images/iu.png Graphic file (type png)
<use cdt/images/iu.png>
Package pdftex.def Info: cdt/images/iu.png  used on input line 560.
(pdftex.def)             Requested size: 11.09076pt x 10.0pt.
File: cdt/images/iu.png Graphic file (type png)
<use cdt/images/iu.png>
Package pdftex.def Info: cdt/images/iu.png  used on input line 566.
(pdftex.def)             Requested size: 11.09076pt x 10.0pt.
File: cdt/images/iu.png Graphic file (type png)
<use cdt/images/iu.png>
Package pdftex.def Info: cdt/images/iu.png  used on input line 579.
(pdftex.def)             Requested size: 11.09076pt x 10.0pt.
File: cdt/images/iu.png Graphic file (type png)
<use cdt/images/iu.png>
Package pdftex.def Info: cdt/images/iu.png  used on input line 582.
(pdftex.def)             Requested size: 11.09076pt x 10.0pt.
File: cdt/images/iu.png Graphic file (type png)
<use cdt/images/iu.png>
Package pdftex.def Info: cdt/images/iu.png  used on input line 598.
(pdftex.def)             Requested size: 11.09076pt x 10.0pt.
File: cdt/images/iu.png Graphic file (type png)
<use cdt/images/iu.png>
Package pdftex.def Info: cdt/images/iu.png  used on input line 600.
(pdftex.def)             Requested size: 11.09076pt x 10.0pt.

! LaTeX Error: Not in outer par mode.

See the LaTeX manual or LaTeX Companion for explanation.
Type  H <return>  for immediate help.
 ...                                              
                                                  
l.611 	Multidisciplinarios.}
                            
You've lost some text.  Try typing  <return>  to proceed.
If that doesn't work, type  X <return>  to quit.

<images/ConsultaEquipo.png, id=1174, 1251.92719pt x 355.3275pt>
File: images/ConsultaEquipo.png Graphic file (type png)
<use images/ConsultaEquipo.png>
Package pdftex.def Info: images/ConsultaEquipo.png  used on input line 611.
(pdftex.def)             Requested size: 450.43253pt x 127.84189pt.
File: cdt/images/iu.png Graphic file (type png)
<use cdt/images/iu.png>
Package pdftex.def Info: cdt/images/iu.png  used on input line 639.
(pdftex.def)             Requested size: 11.09076pt x 10.0pt.
File: cdt/images/iu.png Graphic file (type png)
<use cdt/images/iu.png>
Package pdftex.def Info: cdt/images/iu.png  used on input line 645.
(pdftex.def)             Requested size: 11.09076pt x 10.0pt.
File: cdt/images/iu.png Graphic file (type png)
<use cdt/images/iu.png>
Package pdftex.def Info: cdt/images/iu.png  used on input line 656.
(pdftex.def)             Requested size: 11.09076pt x 10.0pt.
File: cdt/images/iu.png Graphic file (type png)
<use cdt/images/iu.png>
Package pdftex.def Info: cdt/images/iu.png  used on input line 671.
(pdftex.def)             Requested size: 11.09076pt x 10.0pt.
File: cdt/images/iu.png Graphic file (type png)
<use cdt/images/iu.png>
Package pdftex.def Info: cdt/images/iu.png  used on input line 673.
(pdftex.def)             Requested size: 11.09076pt x 10.0pt.

! LaTeX Error: Not in outer par mode.

See the LaTeX manual or LaTeX Companion for explanation.
Type  H <return>  for immediate help.
 ...                                              
                                                  
l.679 ...o}{IU08}{Pantalla de Registro de Equipo.}
                                                  
You've lost some text.  Try typing  <return>  to proceed.
If that doesn't work, type  X <return>  to quit.

<images/RegistroEquipo.png, id=1182, 1251.92719pt x 355.3275pt>
File: images/RegistroEquipo.png Graphic file (type png)
<use images/RegistroEquipo.png>
Package pdftex.def Info: images/RegistroEquipo.png  used on input line 679.
(pdftex.def)             Requested size: 450.43253pt x 127.84189pt.
File: cdt/images/iu.png Graphic file (type png)
<use cdt/images/iu.png>
Package pdftex.def Info: cdt/images/iu.png  used on input line 706.
(pdftex.def)             Requested size: 11.09076pt x 10.0pt.
File: cdt/images/iu.png Graphic file (type png)
<use cdt/images/iu.png>
Package pdftex.def Info: cdt/images/iu.png  used on input line 713.
(pdftex.def)             Requested size: 11.09076pt x 10.0pt.
File: cdt/images/iu.png Graphic file (type png)
<use cdt/images/iu.png>
Package pdftex.def Info: cdt/images/iu.png  used on input line 728.
(pdftex.def)             Requested size: 11.09076pt x 10.0pt.
File: cdt/images/iu.png Graphic file (type png)
<use cdt/images/iu.png>
Package pdftex.def Info: cdt/images/iu.png  used on input line 730.
(pdftex.def)             Requested size: 11.09076pt x 10.0pt.

! LaTeX Error: Not in outer par mode.

See the LaTeX manual or LaTeX Companion for explanation.
Type  H <return>  for immediate help.
 ...                                              
                                                  
l.743 	a Equipo.}
                 
You've lost some text.  Try typing  <return>  to proceed.
If that doesn't work, type  X <return>  to quit.

<images/AnadirIntegrantes.png, id=1194, 1352.05125pt x 332.24126pt>
File: images/AnadirIntegrantes.png Graphic file (type png)
<use images/AnadirIntegrantes.png>
Package pdftex.def Info: images/AnadirIntegrantes.png  used on input line 743.
(pdftex.def)             Requested size: 450.43253pt x 110.68428pt.
File: cdt/images/iu.png Graphic file (type png)
<use cdt/images/iu.png>
Package pdftex.def Info: cdt/images/iu.png  used on input line 783.
(pdftex.def)             Requested size: 11.09076pt x 10.0pt.
File: cdt/images/iu.png Graphic file (type png)
<use cdt/images/iu.png>
Package pdftex.def Info: cdt/images/iu.png  used on input line 794.
(pdftex.def)             Requested size: 11.09076pt x 10.0pt.
File: cdt/images/iu.png Graphic file (type png)
<use cdt/images/iu.png>
Package pdftex.def Info: cdt/images/iu.png  used on input line 794.
(pdftex.def)             Requested size: 11.09076pt x 10.0pt.

! LaTeX Error: Not in outer par mode.

See the LaTeX manual or LaTeX Companion for explanation.
Type  H <return>  for immediate help.
 ...                                              
                                                  
l.796 ...10}{Pantalla de Modificación de Equipo.}
                                                  
You've lost some text.  Try typing  <return>  to proceed.
If that doesn't work, type  X <return>  to quit.

<images/ModificarEquipo.png, id=1202, 1190.94937pt x 328.22626pt>
File: images/ModificarEquipo.png Graphic file (type png)
<use images/ModificarEquipo.png>
Package pdftex.def Info: images/ModificarEquipo.png  used on input line 796.
(pdftex.def)             Requested size: 450.43253pt x 124.13628pt.
File: cdt/images/iu.png Graphic file (type png)
<use cdt/images/iu.png>
Package pdftex.def Info: cdt/images/iu.png  used on input line 821.
(pdftex.def)             Requested size: 11.09076pt x 10.0pt.
File: cdt/images/iu.png Graphic file (type png)
<use cdt/images/iu.png>
Package pdftex.def Info: cdt/images/iu.png  used on input line 833.
(pdftex.def)             Requested size: 11.09076pt x 10.0pt.
File: cdt/images/iu.png Graphic file (type png)
<use cdt/images/iu.png>
Package pdftex.def Info: cdt/images/iu.png  used on input line 833.
(pdftex.def)             Requested size: 11.09076pt x 10.0pt.

! LaTeX Error: Not in outer par mode.

See the LaTeX manual or LaTeX Companion for explanation.
Type  H <return>  for immediate help.
 ...                                              
                                                  
l.841 ...{Pantalla de Consulta de NNAs y Tutores.}
                                                  
You've lost some text.  Try typing  <return>  to proceed.
If that doesn't work, type  X <return>  to quit.

<images/ConsultaNNAsTutores.png, id=1213, 1237.62375pt x 457.71pt>
File: images/ConsultaNNAsTutores.png Graphic file (type png)
<use images/ConsultaNNAsTutores.png>
Package pdftex.def Info: images/ConsultaNNAsTutores.png  used on input line 841
.
(pdftex.def)             Requested size: 450.43253pt x 166.58435pt.
File: cdt/images/iu.png Graphic file (type png)
<use cdt/images/iu.png>
Package pdftex.def Info: cdt/images/iu.png  used on input line 877.
(pdftex.def)             Requested size: 11.09076pt x 10.0pt.
File: cdt/images/iu.png Graphic file (type png)
<use cdt/images/iu.png>
Package pdftex.def Info: cdt/images/iu.png  used on input line 889.
(pdftex.def)             Requested size: 11.09076pt x 10.0pt.
File: cdt/images/iu.png Graphic file (type png)
<use cdt/images/iu.png>
Package pdftex.def Info: cdt/images/iu.png  used on input line 889.
(pdftex.def)             Requested size: 11.09076pt x 10.0pt.

! LaTeX Error: Not in outer par mode.

See the LaTeX manual or LaTeX Companion for explanation.
Type  H <return>  for immediate help.
 ...                                              
                                                  
l.897 ...oNNA}{IU12}{Pantalla de Registro de NNA.}
                                                  
You've lost some text.  Try typing  <return>  to proceed.
If that doesn't work, type  X <return>  to quit.

<images/RegistroNNA.png, id=1219, 1199.98312pt x 737.75626pt>
File: images/RegistroNNA.png Graphic file (type png)
<use images/RegistroNNA.png>
Package pdftex.def Info: images/RegistroNNA.png  used on input line 897.
(pdftex.def)             Requested size: 450.43253pt x 276.92809pt.
File: cdt/images/iu.png Graphic file (type png)
<use cdt/images/iu.png>
Package pdftex.def Info: cdt/images/iu.png  used on input line 936.
(pdftex.def)             Requested size: 11.09076pt x 10.0pt.
File: cdt/images/iu.png Graphic file (type png)
<use cdt/images/iu.png>
Package pdftex.def Info: cdt/images/iu.png  used on input line 951.
(pdftex.def)             Requested size: 11.09076pt x 10.0pt.
File: cdt/images/iu.png Graphic file (type png)
<use cdt/images/iu.png>
Package pdftex.def Info: cdt/images/iu.png  used on input line 951.
(pdftex.def)             Requested size: 11.09076pt x 10.0pt.

! LaTeX Error: Not in outer par mode.

See the LaTeX manual or LaTeX Companion for explanation.
Type  H <return>  for immediate help.
 ...                                              
                                                  
l.953 ...or}{IU13}{Pantalla de Registro de Tutor.}
                                                  
You've lost some text.  Try typing  <return>  to proceed.
If that doesn't work, type  X <return>  to quit.

<images/RegistroTutor.png, id=1226, 602.25pt x 502.12593pt>
File: images/RegistroTutor.png Graphic file (type png)
<use images/RegistroTutor.png>
Package pdftex.def Info: images/RegistroTutor.png  used on input line 953.
(pdftex.def)             Requested size: 450.43253pt x 375.55917pt.
File: cdt/images/iu.png Graphic file (type png)
<use cdt/images/iu.png>
Package pdftex.def Info: cdt/images/iu.png  used on input line 978.
(pdftex.def)             Requested size: 11.09076pt x 10.0pt.
File: cdt/images/iu.png Graphic file (type png)
<use cdt/images/iu.png>
Package pdftex.def Info: cdt/images/iu.png  used on input line 991.
(pdftex.def)             Requested size: 11.09076pt x 10.0pt.
File: cdt/images/iu.png Graphic file (type png)
<use cdt/images/iu.png>
Package pdftex.def Info: cdt/images/iu.png  used on input line 993.
(pdftex.def)             Requested size: 11.09076pt x 10.0pt.

! LaTeX Error: Not in outer par mode.

See the LaTeX manual or LaTeX Companion for explanation.
Type  H <return>  for immediate help.
 ...                                              
                                                  
l.999 ...aNNA}{IU14}{Pantalla de Consulta de NNA.}
                                                  
You've lost some text.  Try typing  <return>  to proceed.
If that doesn't work, type  X <return>  to quit.

<images/ConsultaNNA.png, id=1233, 880.03781pt x 833.36343pt>
File: images/ConsultaNNA.png Graphic file (type png)
<use images/ConsultaNNA.png>
Package pdftex.def Info: images/ConsultaNNA.png  used on input line 999.
(pdftex.def)             Requested size: 450.43253pt x 426.53566pt.
File: cdt/images/iu.png Graphic file (type png)
<use cdt/images/iu.png>
Package pdftex.def Info: cdt/images/iu.png  used on input line 1031.
(pdftex.def)             Requested size: 11.09076pt x 10.0pt.
File: cdt/images/iu.png Graphic file (type png)
<use cdt/images/iu.png>
Package pdftex.def Info: cdt/images/iu.png  used on input line 1037.
(pdftex.def)             Requested size: 11.09076pt x 10.0pt.
File: cdt/images/iu.png Graphic file (type png)
<use cdt/images/iu.png>
Package pdftex.def Info: cdt/images/iu.png  used on input line 1040.
(pdftex.def)             Requested size: 11.09076pt x 10.0pt.
File: cdt/images/iu.png Graphic file (type png)
<use cdt/images/iu.png>
Package pdftex.def Info: cdt/images/iu.png  used on input line 1042.
(pdftex.def)             Requested size: 11.09076pt x 10.0pt.
File: cdt/images/iu.png Graphic file (type png)
<use cdt/images/iu.png>
Package pdftex.def Info: cdt/images/iu.png  used on input line 1056.
(pdftex.def)             Requested size: 11.09076pt x 10.0pt.
File: cdt/images/iu.png Graphic file (type png)
<use cdt/images/iu.png>
Package pdftex.def Info: cdt/images/iu.png  used on input line 1057.
(pdftex.def)             Requested size: 11.09076pt x 10.0pt.
File: cdt/images/iu.png Graphic file (type png)
<use cdt/images/iu.png>
Package pdftex.def Info: cdt/images/iu.png  used on input line 1058.
(pdftex.def)             Requested size: 11.09076pt x 10.0pt.

! LaTeX Error: Not in outer par mode.

See the LaTeX manual or LaTeX Companion for explanation.
Type  H <return>  for immediate help.
 ...                                              
                                                  
l.1064 ...IU15}{Pantalla de Modificación de NNA.}
                                                  
You've lost some text.  Try typing  <return>  to proceed.
If that doesn't work, type  X <return>  to quit.

<images/ModificacionNNA.png, id=1241, 1120.185pt x 794.2172pt>
File: images/ModificacionNNA.png Graphic file (type png)
<use images/ModificacionNNA.png>
Package pdftex.def Info: images/ModificacionNNA.png  used on input line 1064.
(pdftex.def)             Requested size: 450.43253pt x 319.36575pt.
File: cdt/images/iu.png Graphic file (type png)
<use cdt/images/iu.png>
Package pdftex.def Info: cdt/images/iu.png  used on input line 1130.
(pdftex.def)             Requested size: 11.09076pt x 10.0pt.
File: cdt/images/iu.png Graphic file (type png)
<use cdt/images/iu.png>
Package pdftex.def Info: cdt/images/iu.png  used on input line 1144.
(pdftex.def)             Requested size: 11.09076pt x 10.0pt.
File: cdt/images/iu.png Graphic file (type png)
<use cdt/images/iu.png>
Package pdftex.def Info: cdt/images/iu.png  used on input line 1145.
(pdftex.def)             Requested size: 11.09076pt x 10.0pt.

! LaTeX Error: Not in outer par mode.

See the LaTeX manual or LaTeX Companion for explanation.
Type  H <return>  for immediate help.
 ...                                              
                                                  
l.1150 ... del Panel de Restitución de Derechos.}
                                                  
You've lost some text.  Try typing  <return>  to proceed.
If that doesn't work, type  X <return>  to quit.

<images/PanelRestitucion.png, id=1248, 1099.10625pt x 245.41687pt>
File: images/PanelRestitucion.png Graphic file (type png)
<use images/PanelRestitucion.png>
Package pdftex.def Info: images/PanelRestitucion.png  used on input line 1150.
(pdftex.def)             Requested size: 450.43253pt x 100.57661pt.
File: cdt/images/iu.png Graphic file (type png)
<use cdt/images/iu.png>
Package pdftex.def Info: cdt/images/iu.png  used on input line 1168.
(pdftex.def)             Requested size: 11.09076pt x 10.0pt.
File: cdt/images/iu.png Graphic file (type png)
<use cdt/images/iu.png>
Package pdftex.def Info: cdt/images/iu.png  used on input line 1172.
(pdftex.def)             Requested size: 11.09076pt x 10.0pt.
File: cdt/images/iu.png Graphic file (type png)
<use cdt/images/iu.png>
Package pdftex.def Info: cdt/images/iu.png  used on input line 1185.
(pdftex.def)             Requested size: 11.09076pt x 10.0pt.
File: cdt/images/iu.png Graphic file (type png)
<use cdt/images/iu.png>
Package pdftex.def Info: cdt/images/iu.png  used on input line 1187.
(pdftex.def)             Requested size: 11.09076pt x 10.0pt.

! LaTeX Error: Not in outer par mode.

See the LaTeX manual or LaTeX Companion for explanation.
Type  H <return>  for immediate help.
 ...                                              
                                                  
l.1197 ...17}{Pantalla de Consulta de Catálogos.}
                                                  
You've lost some text.  Try typing  <return>  to proceed.
If that doesn't work, type  X <return>  to quit.

<images/ConsultaCatalogos.png, id=1254, 1087.81406pt x 773.89125pt>
File: images/ConsultaCatalogos.png Graphic file (type png)
<use images/ConsultaCatalogos.png>
Package pdftex.def Info: images/ConsultaCatalogos.png  used on input line 1197.

(pdftex.def)             Requested size: 450.43253pt x 320.45036pt.
File: cdt/images/iu.png Graphic file (type png)
<use cdt/images/iu.png>
Package pdftex.def Info: cdt/images/iu.png  used on input line 1220.
(pdftex.def)             Requested size: 11.09076pt x 10.0pt.
(5-1-Mensajes.tex))

! LaTeX Error: \begin{center} on input line 18 ended by \end{document}.

See the LaTeX manual or LaTeX Companion for explanation.
Type  H <return>  for immediate help.
 ...                                              
                                                  
l.53 \end{document}
                   
Your command was ignored.
Type  I <command> <return>  to replace it with another command,
or  <return>  to continue without it.

(proyecto.aux
LaTeX Info: Redefining \. on input line 11.
LaTeX Info: Redefining \% on input line 11.
 (projectCharter.aux) (1introduccion.aux) (2ModeloDelAlcance.aux)
(3ModeloDelNegocio.aux) (4ModeloDinamico.aux) (5ModeloDeInteraccion.aux))
 ***********
LaTeX2e <2025-11-01>
L3 programming layer <2025-12-24>
 ***********


LaTeX Warning: There were undefined references.


LaTeX Warning: Label(s) may have changed. Rerun to get cross-references right.

Package rerunfilecheck Info: File `proyecto.out' has not changed.
(rerunfilecheck)             Checksum: 60953C5650F81F4843C1E774AAA7F761;10663.
! You can't use `\end' in internal vertical mode.
\enddocument ...cument/end}\deadcycles \z@ \@@end 
                                                  
l.53 \end{document}
                   
Sorry, but I'm not programmed to handle this case;
I'll just pretend that you didn't ask for it.
If you're in the wrong mode, you might be able to
return to the right one by typing `I}' or `I$' or `I\par'.


! LaTeX Error: \begin{center} on input line 18 ended by \end{document}.

See the LaTeX manual or LaTeX Companion for explanation.
Type  H <return>  for immediate help.
 ...                                              
                                                  
l.53 \end{document}
                   
Your command was ignored.
Type  I <command> <return>  to replace it with another command,
or  <return>  to continue without it.

)
! Emergency stop.
<*> ./proyecto.tex
                  
*** (job aborted, no legal \end found)

 
Here is how much of TeX's memory you used:
 20613 strings out of 467870
 353616 string characters out of 5420291
 1443618 words of memory out of 5000000
 48740 multiletter control sequences out of 15000+600000
 684491 words of font info for 161 fonts, out of 8000000 for 9000
 1141 hyphenation exceptions out of 8191
 105i,16n,107p,740b,897s stack positions out of 10000i,1000n,20000p,200000b,200000s
!  ==> Fatal error occurred, no output PDF file produced!
